A,ADD (32),RX-a,C,,,A,,IF,,,B2,5A,7-25,,,
AD,ADD NORMALIZED (long HFP),RX-a,C,,"¤7,9",A,Da,EU,EO,LS,B2,6A,18-8,,,
ADB,ADD (long BFP),RXE,C,,"¤7,9",A,Db,Xi,Xo,Xu Xx,B2,ED1A,19-15,,,
ADBR,ADD (long BFP),RRE,C,,"¤7,9",,Db,Xi,Xo,Xu Xx,,B31A,19-15,,,
ADR,ADD NORMALIZED (long HFP),RR,C,,"¤7,9",,Da,EU,EO,LS,,2A,18-8,,,
ADTR,ADD (long DFP),RRF-a,C,TF,"¤7,9",,Dt,Xi,Xo,Xu Xx,,B3D2,20-18,,,
ADTRA,ADD (long DFP),RRF-a,C,F,"¤7,9",,Dt,Xi,Xo,Xu Xx Xq,,B3D2,20-18,,,
AE,ADD NORMALIZED (short HFP),RX-a,C,,"¤7,9",A,Da,EU,EO,LS,B2,7A,18-8,,,
AEB,ADD (short BFP),RXE,C,,"¤7,9",A,Db,Xi,Xo,Xu Xx,B2,ED0A,19-15,,,
AEBR,ADD (short BFP),RRE,C,,"¤7,9",,Db,Xi,Xo,Xu Xx,,B30A,19-15,,,
AER,ADD NORMALIZED (short HFP),RR,C,,"¤7,9",,Da,EU,EO,LS,,3A,18-8,,,
AFI,ADD IMMEDIATE (32),RIL-a,C,EI,,,,IF,,,,C29,7-26,,,
AG,ADD (64),RXY-a,C,N,,A,,IF,,,B2,E308,7-26,,,
AGF,ADD (6432),RXY-a,C,N,,A,,IF,,,B2,E318,7-26,,,
AGFI,ADD IMMEDIATE (6432),RIL-a,C,EI,,,,IF,,,,C28,7-26,,,
AGFR,ADD (6432),RRE,C,N,,,,IF,,,,B918,7-25,,,
AGHI,ADD HALFWORD IMMEDIATE (6416),RI-a,C,N,,,,IF,,,,A7B,7-27,,,
AGHIK,ADD IMMEDIATE (6416),RIE-d,C,DO,,,,IF,,,,ECD9,7-26,,,
AGR,ADD (64),RRE,C,N,,,,IF,,,,B908,7-25,,,
AGRK,ADD (64),RRF-a,C,DO,,,,IF,,,,B9E8,7-25,,,
AGSI,ADD IMMEDIATE (648),SIY,C,GE,,A,,IF,£1,ST,B1,EB7A,7-26,,,
AH,ADD HALFWORD (3216),RX-a,C,,,A,,IF,,,B2,4A,7-27,,,
AHHHR,ADD HIGH (32),RRF-a,C,HW,,,,IF,,,,B9C8,7-28,,,
AHHLR,ADD HIGH (32),RRF-a,C,HW,,,,IF,,,,B9D8,7-28,,,
AHI,ADD HALFWORD IMMEDIATE (3216),RI-a,C,,,,,IF,,,,A7A,7-27,,,
AHIK,ADD IMMEDIATE (3216),RIE-d,C,DO,,,,IF,,,,ECD8,7-26,,,
AHY,ADD HALFWORD (3216),RXY-a,C,LD,,A,,IF,,,B2,E37A,7-27,,,
AIH,ADD IMMEDIATE HIGH (32),RIL-a,C,HW,,,,IF,,,,CC8,7-28,,,
AL,ADD LOGICAL (32),RX-a,C,,,A,,,,,B2,5E,7-29,,,
ALC,ADD LOGICAL WITH CARRY (32),RXY-a,C,N3,,A,,,,,B2,E398,7-30,,,
ALCG,ADD LOGICAL WITH CARRY (64),RXY-a,C,N,,A,,,,,B2,E388,7-30,,,
ALCGR,ADD LOGICAL WITH CARRY (64),RRE,C,N,,,,,,,,B988,7-30,,,
ALCR,ADD LOGICAL WITH CARRY (32),RRE,C,N3,,,,,,,,B998,7-30,,,
ALFI,ADD LOGICAL IMMEDIATE (32),RIL-a,C,EI,,,,,,,,C2B,7-29,,,
ALG,ADD LOGICAL (64),RXY-a,C,N,,A,,,,,B2,E30A,7-29,,,
ALGF,ADD LOGICAL (6432),RXY-a,C,N,,A,,,,,B2,E31A,7-29,,,
ALGFI,ADD LOGICAL IMMEDIATE (6432),RIL-a,C,EI,,,,,,,,C2A,7-29,,,
ALGFR,ADD LOGICAL (6432),RRE,C,N,,,,,,,,B91A,7-29,,,
ALGHSIK,ADD LOGICAL WITH SIGNED IMMEDIATE (6416),RIE-d,C,DO,,,,,,,,ECDB,7-31,,,
ALGR,ADD LOGICAL (64),RRE,C,N,,,,,,,,B90A,7-29,,,
ALGRK,ADD LOGICAL (64),RRF-a,C,DO,,,,,,,,B9EA,7-29,,,
ALGSI,ADD LOGICAL WITH SIGNED IMMEDIATE (648),SIY,C,GE,,A,,,£1,ST,B1,EB7E,7-31,,,
ALHHHR,ADD LOGICAL HIGH (32),RRF-a,C,HW,,,,,,,,B9CA,7-30,,,
ALHHLR,ADD LOGICAL HIGH (32),RRF-a,C,HW,,,,,,,,B9DA,7-30,,,
ALHSIK,ADD LOGICAL WITH SIGNED IMMEDIATE (3216),RIE-d,C,DO,,,,,,,,ECDA,7-31,,,
ALR,ADD LOGICAL (32),RR,C,,,,,,,,,1E,7-29,,,
ALRK,ADD LOGICAL (32),RRF-a,C,DO,,,,,,,,B9FA,7-29,,,
ALSI,ADD LOGICAL WITH SIGNED IMMEDIATE (328),SIY,C,GE,,A,,,£1,ST,B1,EB6E,7-31,,,
ALSIH,ADD LOGICAL WITH SIGNED IMMEDIATE HIGH (32),RIL-a,C,HW,,,,,,,,CCA,7-32,,,
ALSIHN,ADD LOGICAL WITH SIGNED IMMEDIATE HIGH (32),RIL-a,,HW,,,,,,,,CCB,7-32,,,
ALY,ADD LOGICAL (32),RXY-a,C,LD,,A,,,,,,B2,E35E,7-29,,
AP,ADD DECIMAL,SS-b,C,,¤9,A,Dg,DF,,ST,B1,B2,FA,8-6,,
AR,ADD (32),RR,C,,,,,IF,,,,,1A,7-25,,
ARK,ADD (32),RRF-a,C,DO,,,,IF,,,,,B9F8,7-25,,
ASI,ADD IMMEDIATE (328),SIY,C,GE,,A,,IF,£1,ST,B1,,EB6A,7-26,,
AU,ADD UNNORMALIZED (short HFP),RX-a,C,,"¤7,9",A,Da,,EO,LS,,B2,7E,18-9,,
AUR,ADD UNNORMALIZED (short HFP),RR,C,,"¤7,9",,Da,,EO,LS,,,3E,18-9,,
AW,ADD UNNORMALIZED (long HFP),RX-a,C,,"¤7,9",A,Da,,EO,LS,,B2,6E,18-9,,
AWR,ADD UNNORMALIZED (long HFP),RR,C,,"¤7,9",,Da,,EO,LS,,,2E,18-9,,
AXBR,ADD (extended BFP),RRE,C,,"¤7,9",SP,Db,Xi,Xo,Xu Xx,,,B34A,19-15,,
AXR,ADD NORMALIZED (extended HFP),RR,C,,"¤7,9",SP,Da,EU,EO,LS,,,36,18-8,,
AXTR,ADD (extended DFP),RRF-a,C,TF,"¤7,9",SP,Dt,Xi,Xo,Xu Xx,,,B3DA,20-18,,
AXTRA,ADD (extended DFP),RRF-a,C,F,"¤7,9",SP,Dt,Xi,Xo,Xu Xx Xq,,,B3DA,20-18,,
AY,ADD (32),RXY-a,C,LD,,A,,IF,,,,B2,E35A,7-25,,
BAKR,BRANCH AND STACK,RRE,,,¤1,A1 *,Z5,T,,B ST,,,B240,10-10,,
BAL,BRANCH AND LINK,RX-a,,,¤9,,,,,B,,,45,7-34,,
BALR,BRANCH AND LINK,RR,,,"¤2,9",,,T,,B,,,05,7-34,,
BAS,BRANCH AND SAVE,RX-a,,,¤9,,,,,B,,,4D,7-35,,
BASR,BRANCH AND SAVE,RR,,,"¤2,9",,,T,,B,,,0D,7-35,,
BASSM,BRANCH AND SAVE AND SET MODE,RR,,,"¤2,3,9",,,T,,B,,,0C,7-36,,
BC,BRANCH ON CONDITION,RX-b,,,¤9,,,,,B,,,47,7-37,,
BCR,BRANCH ON CONDITION,RR,,,¤9,,,,¢1,B,,,07,7-37,,
BCT,BRANCH ON COUNT (32),RX-a,,,¤9,,,,,B,,,46,7-38,,
BCTG,BRANCH ON COUNT (64),RXY-a,,N,¤9,,,,,B,,,E346,7-38,,
BCTGR,BRANCH ON COUNT (64),RRE,,N,¤9,,,,,B,,,B946,7-38,,
BCTR,BRANCH ON COUNT (32),RR,,,¤9,,,,,B,,,06,7-38,,
BPP,BRANCH PREDICTION PRELOAD,SMI,,EH,¤9,,,,,,,,C7,7-40,,
BPRP,BRANCH PREDICTION RELATIVE PRELOAD,MII,,EH,¤9,,,,,,,,C5,7-40,,
BRAS,BRANCH RELATIVE AND SAVE,RI-b,,,¤9,,,,,B,,,A75,7-43,,
BRASL,BRANCH RELATIVE AND SAVE LONG,RIL-b,,N3,¤9,,,,,B,,,C05,7-43,,
BRC,BRANCH RELATIVE ON CONDITION,RI-c,,,¤10,,,,,B,,,A74,7-44,,
BRCL,BRANCH RELATIVE ON CONDITION LONG,RIL-c,,N3,¤10,,,,,B,,,C04,7-44,,
BRCT,BRANCH RELATIVE ON COUNT (32),RI-b,,,¤9,,,,,B,,,A76,7-45,,
BRCTG,BRANCH RELATIVE ON COUNT (64),RI-b,,N,¤9,,,,,B,,,A77,7-45,,
BRCTH,BRANCH RELATIVE ON COUNT HIGH (32),RIL-b,,HW,¤9,,,,,B,,,CC6,7-45,,
BRXH,BRANCH RELATIVE ON INDEX HIGH (32),RSI,,,¤9,,,,,B,,,84,7-45,,
BRXHG,BRANCH RELATIVE ON INDEX HIGH (64),RIE-e,,N,¤9,,,,,B,,,EC44,7-45,,
BRXLE,BRANCH RELATIVE ON INDEX LOW OR EQ. (32),RSI,,,¤9,,,,,B,,,85,7-46,,
BRXLG,BRANCH RELATIVE ON INDEX LOW OR EQ. (64),RIE-e,,N,¤9,,,,,B,,,EC45,7-46,,
BSA,BRANCH AND SET AUTHORITY,RRE,,,Q,A1*,SO T,,,B,,,B25A,10-6,,
BSG,BRANCH IN SUBSPACE GROUP,RRE,,,¤1,A1 *,SO T,,,B,,R2,B258,10-12,,
BSM,BRANCH AND SET MODE,RR,,,"¤3,9",,,T,,B,,,0B,7-37,,
BXH,BRANCH ON INDEX HIGH (32),RS-a,,,¤9,,,,,B,,,86,7-39,,
BXHG,BRANCH ON INDEX HIGH (64),RSY-a,,N,¤9,,,,,B,,,EB44,7-39,,
BXLE,BRANCH ON INDEX LOW OR EQUAL (32),RS-a,,,¤9,,,,,B,,,87,7-39,,
BXLEG,BRANCH ON INDEX LOW OR EQUAL (64),RSY-a,,N,¤9,,,,,B,,,EB45,7-39,,
C,COMPARE (32),RX-a,C,,,A,,,,,,B2,59,7-117,,
CD,COMPARE (long HFP),RX-a,C,,"¤7,9",A,Da,,,,,B2,69,18-10,,
CDB,COMPARE (long BFP),RXE,C,,"¤7,9",A,Db,Xi,,,,B2,ED19,19-17,,
CDBR,COMPARE (long BFP),RRE,C,,"¤7,9",,Db,Xi,,,,,B319,19-17,,
CDFBR,CONVERT FROM FIXED (32 to long BFP),RRE,,,"¤7,9",,Db,,,,,,B395,19-19,,
CDFBRA,CONVERT FROM FIXED (32 to long BFP),RRF-e,,F,"¤7,9",SP Db,,,,,,,B395,19-19,,
CDFR,CONVERT FROM FIXED (32 to long HFP),RRE,,,"¤7,9",,Da,,,,,,B3B5,18-11,,
CDFTR,CONVERT FROM FIXED (32 to long DFP),RRE,,F,"¤7,9",,Dt,,,,,,B951,20-23,,
CDGBR,CONVERT FROM FIXED (64 to long BFP),RRE,,N,"¤7,9",,Db,,,Xx,,,B3A5,19-19,,
CDGBRA,CONVERT FROM FIXED (64 to long BFP),RRF-e,,F,"¤7,9",,SP Db,,,Xx,,B3A5,19-19,,,
CDGR,CONVERT FROM FIXED (64 to long HFP),RRE,,N,"¤7,9",,,Da,,,,B3C5,18-11,,,
CDGTR,CONVERT FROM FIXED (64 to long DFP),RRE,,TF,"¤7,9",,,Dt,,Xx,,B3F1,20-23,,,
CDGTRA,CONVERT FROM FIXED (64 to long DFP),RRF-e,,F,"¤7,9",,,Dt,,Xx Xq,,B3F1,20-23,,,
CDLFBR,CONVERT FROM LOGICAL (32 to long BFP),RRF-e,,F,"¤7,9",,SP Db,,,,,B391,19-21,,,
CDLFTR,CONVERT FROM LOGICAL (32 to long DFP),RRF-e,,F,"¤7,9",,,Dt,,,,B953,20-24,,,
CDLGBR,CONVERT FROM LOGICAL (64 to long BFP),RRF-e,,F,"¤7,9",,SP Db,,,Xx,,B3A1,19-21,,,
CDLGTR,CONVERT FROM LOGICAL (64 to long DFP),RRF-e,,F,"¤7,9",,,Dt,,Xx Xq,,B952,20-24,,,
CDPT,CONVERT FROM PACKED (to long DFP),RSL-b,,PC,"¤7,9",A,SP Dt,,Dg,,B2,EDAE,20-25,,,
CDR,COMPARE (long HFP),RR,C,,"¤7,9",,,Da,,,,29,18-10,,,
CDS,COMPARE DOUBLE AND SWAP (32),RS-a,C,,¤9,A,SP,,$,ST,B2,BB,7-127,,,
CDSG,COMPARE DOUBLE AND SWAP (64),RSY-a,C,N,¤9,A,SP,,$,ST,B2,EB3E,7-127,,,
CDSTR,CONVERT FROM SIGNED PACKED (64 to long DFP),RRE,,TF,"¤7,9",,,Dt,Dg,,,B3F3,20-27,,,
CDSY,COMPARE DOUBLE AND SWAP (32),RSY-a,C,LD,¤9,A,SP,,$,ST,B2,EB31,7-127,,,
CDTR,COMPARE (long DFP),RRE,C,TF,"¤7,9",,,Dt,Xi,,,B3E4,20-20,,,
CDUTR,CONVERT FROM UNSIGNED PACKED (64 to long,RRE,,TF,"¤7,9",,,Dt,Dg,,,B3F2,20-27,,,
CDZT,CONVERT FROM ZONED (to long DFP),RSL,,ZF,"¤7,9",A,SP Dt,,Dg,,B2,EDAA 20-28,,,,
CE,COMPARE (short HFP),RX-a,C,,"¤7,9",A,,Da,,,B2,79,18-10,,,
CEB,COMPARE (short BFP),RXE,C,,"¤7,9",A,,Db,Xi,,B2,ED09,19-17,,,
CEBR,COMPARE (short BFP),RRE,C,,"¤7,9",,,Db,Xi,,,B309,19-17,,,
CEDTR,COMPARE BIASED EXPONENT (long DFP),RRE,C,TF,"¤7,9",,,Dt,,,,B3F4,20-22,,,
CEFBR,CONVERT FROM FIXED (32 to short BFP),RRE,,,"¤7,9",,,Db,,Xx,,B394,19-19,,,
CEFBRA,CONVERT FROM FIXED (32 to short BFP),RRF-e,,F,"¤7,9",,SP Db,,,Xx,,B394,19-19,,,
CEFR,CONVERT FROM FIXED (32 to short HFP),RRE,,,"¤7,9",,,Da,,,,B3B4,18-11,,,
CEGBR,CONVERT FROM FIXED (64 to short BFP),RRE,,N,"¤7,9",,,Db,,Xx,,B3A4,19-19,,,
CEGBRA,CONVERT FROM FIXED (64 to short BFP),RRF-e,,F,"¤7,9",,SP Db,,,Xx,,B3A4,19-19,,,
CEGR,CONVERT FROM FIXED (64 to short HFP),RRE,,N,"¤7,9",,,Da,,,,B3C4,18-11,,,
CELFBR,CONVERT FROM LOGICAL (32 to short BFP),RRF-e,,F,"¤7,9",,SP Db,,,Xx,,B390,19-21,,,
CELGBR,CONVERT FROM LOGICAL (64 to short BFP),RRF-e,,F,"¤7,9",,SP Db,,,Xx,,B3A0,19-21,,,
CER,COMPARE (short HFP),RR,C,,"¤7,9",,,Da,,,,39,18-10,,,
CEXTR,COMPARE BIASED EXPONENT (extended DFP),RRE,C,TF,"¤7,9",,SP Dt,,,,,B3FC,20-22,,,
CFC,COMPARE AND FORM CODEWORD,S,C,,¤9,A,SP II,,GM I1,,,B21A,7-120,,,
CFDBR,CONVERT TO FIXED (long BFP to 32),RRF-e,C,,"¤7,9",,SP Db,,Xi,Xx,,B399,19-22,,,
CFDBRA,CONVERT TO FIXED (long BFP to 32),RRF-e,C,F,"¤7,9",,SP Db,,Xi,Xx,,B399,19-22,,,
CFDR,CONVERT TO FIXED (long HFP to 32),RRF-e,C,,"¤7,9",,SP Da,,,,,B3B9,18-11,,,
CFDTR,CONVERT TO FIXED (long DFP to 32),RRF-e,C,F,"¤7,9",,,Dt,Xi,Xx,,B941,20-29,,,
CFEBR,CONVERT TO FIXED (short BFP to 32),RRF-e,C,,"¤7,9",,SP Db,,Xi,Xx,,B398,19-22,,,
CFEBRA,CONVERT TO FIXED (short BFP to 32),RRF-e,C,F,"¤7,9",,SP Db,,Xi,Xx,,B398,19-22,,,
CFER,CONVERT TO FIXED (short HFP to 32),RRF-e,C,,"¤7,9",,SP Da,,,,,B3B8,18-11,,,
CFI,COMPARE IMMEDIATE (32),RIL-a,C,EI,,,,,,,,C2D,7-117,,,
CFXBR,CONVERT TO FIXED (extended BFP to 32),RRF-e,C,,"¤7,9",,SP,Db,Xi,Xx,,B39A,19-22,,,
CFXBRA,CONVERT TO FIXED (extended BFP to 32),RRF-e,C,F,"¤7,9",,SP,Db,Xi,Xx,,B39A,19-22,,,
CFXR,CONVERT TO FIXED (extended HFP to 32),RRF-e,C,,"¤7,9",,SP,Da,,,,B3BA,18-11,,,
CFXTR,CONVERT TO FIXED (extended DFP to 32),RRF-e,C,F,"¤7,9",,SP,Dt,Xi,Xx,,B949,20-29,,,
CG,COMPARE (64),RXY-a,C,N,,A,,,,,B2,E320,7-117,,,
CGDBR,CONVERT TO FIXED (long BFP to 64),RRF-e,C,N,"¤7,9",,SP Db,,Xi,Xx,,B3A9,19-22,,,
CGDBRA,CONVERT TO FIXED (long BFP to 64),RRF-e,C,F,"¤7,9",,SP Db,,Xi,Xx,,B3A9,19-22,,,
CGDR,CONVERT TO FIXED (long HFP to 64),RRF-e,C,N,"¤7,9",,SP Da,,,,,B3C9,18-11,,,
CGDTR,CONVERT TO FIXED (long DFP to 64),RRF-e,C,TF,"¤7,9",,,Dt,Xi,Xx,,B3E1,20-28,,,
CGDTRA,CONVERT TO FIXED (long DFP to 64),RRF-e,C,F,"¤7,9",,,Dt,Xi,Xx,,B3E1,20-29,,,
CGEBR,CONVERT TO FIXED (short BFP to 64),RRF-e,C,N,"¤7,9",,SP Db,,Xi,Xx,,B3A8,19-22,,,
CGEBRA,CONVERT TO FIXED (short BFP to 64),RRF-e,C,F,"¤7,9",,SP Db,,Xi,Xx,,B3A8,19-22,,,
CGER,CONVERT TO FIXED (short HFP to 64),RRF-e,C,N,"¤7,9",,SP Da,,,,,B3C8,18-11,,,
CGF,COMPARE (6432),RXY-a,C,N,,A,,,,,B2,E330,7-117,,,
CGFI,COMPARE IMMEDIATE (6432),RIL-a,C,EI,,,,,,,,C2C,7-117,,,
CGFR,COMPARE (6432),RRE,C,N,,,,,,,,B930,7-117,,,
CGFRL,COMPARE RELATIVE LONG (6432),RIL-b,C,GE,,A*,SP,,,,,C6C,7-118,,,
CGH,COMPARE HALFWORD (6416),RXY-a,C,GE,,A,,,,,B2,E334,7-133,,,
CGHI,COMPARE HALFWORD IMMEDIATE (6416),RI-a,C,N,,,,,,,,A7F,7-133,,,
CGHRL,COMPARE HALFWORD RELATIVE LONG (6416),RIL-b,C,GE,,A*,,,,,,C64,7-133,,,
CGHSI,COMPARE HALFWORD IMMEDIATE (6416),SIL,C,GE,,A,,,,B1,,E558,7-133,,,
CGIB,COMPARE IMMEDIATE AND BRANCH (648),RIS,,GE,¤9,,,,,B,,ECFC,7-119,,,
CGIJ,COMPARE IMMEDIATE AND BRANCH RELATIVE,RIE-c,,GE,¤10,,,,,B,,EC7C,7-119,,,
CGIT,COMPARE IMMEDIATE AND TRAP (6416),RIE-a,,GE,,,,,Dc,,,EC70,7-132,,,
CGR,COMPARE (64),RRE,C,N,,,,,,,,B920,7-117,,,
CGRB,COMPARE AND BRANCH (64),RRS,,GE,¤9,,,,,B,,ECE4,7-118,,,
CGRJ,COMPARE AND BRANCH RELATIVE (64),RIE-b,,GE,¤10,,,,,B,,EC64,7-118,,,
CGRL,COMPARE RELATIVE LONG (64),RIL-b,C,GE,,A*,SP,,,,,C68,7-118,,,
CGRT,COMPARE AND TRAP (64),RRF-c,,GE,,,,,Dc,,,B960,7-132,,,
CGXBR,CONVERT TO FIXED (extended BFP to 64),RRF-e,C,N,"¤7,9",,SP,Db,Xi,Xx,,B3AA,19-22,,,
CGXBRA,CONVERT TO FIXED (extended BFP to 64),RRF-e,C,F,"¤7,9",,SP,Db,Xi,Xx,,B3AA,19-22,,,
CGXR,CONVERT TO FIXED (extended HFP to 64),RRF-e,C,N,"¤7,9",,SP,Da,,,,B3CA,18-11,,,
CGXTR,CONVERT TO FIXED (extended DFP to 64),RRF-e,C,TF,"¤7,9",,SP,Dt,Xi,Xx,,B3E9,20-28,,,
CGXTRA,CONVERT TO FIXED (extended DFP to 64),RRF-e,C,F,"¤7,9",,SP,Dt,Xi,Xx,,B3E9,20-29,,,
CH,COMPARE HALFWORD (3216),RX-a,C,,,A,,,,,B2,49,7-133,,,
CHF,COMPARE HIGH (32),RXY-a,C,HW,,A,,,,,B2,E3CD,7-134,,,
CHHR,COMPARE HIGH (32),RRE,C,HW,,,,,,,,B9CD,7-134,,,
CHHSI,COMPARE HALFWORD IMMEDIATE (1616),SIL,C,GE,,A,,,,B1,,E554,7-133,,,
CHI,COMPARE HALFWORD IMMEDIATE (3216),RI-a,C,,,,,,,,,A7E,7-133,,,
CHLR,COMPARE HIGH (32),RRE,C,HW,,,,,,,,B9DD,7-134,,,
CHRL,COMPARE HALFWORD RELATIVE LONG (3216),RIL-b,C,GE,,A*,,,,,,C65,7-133,,,
CHSI,COMPARE HALFWORD IMMEDIATE (3216),SIL,C,GE,,A,,,,B1,,E55C,7-133,,,
CHY,COMPARE HALFWORD (3216),RXY-a,C,LD,,A,,,,,B2,E379,7-133,,,
CIB,COMPARE IMMEDIATE AND BRANCH (328),RIS,,GE,¤9,,,,,B,,ECFE,7-119,,,
CIH,COMPARE IMMEDIATE HIGH (32),RIL-a,C,HW,,,,,,,,CCD,7-134,,,
CIJ,COMPARE IMMEDIATE AND BRANCH RELATIVE,RIE-c,,GE,¤10,,,,,B,,EC7E,7-119,,,
CIT,COMPARE IMMEDIATE AND TRAP (3216),RIE-a,,GE,,,,,Dc,,,EC72,7-132,,,
CKSM,CHECKSUM,RRE,C,,¤9,A,SP IC,,,,R2,B241,7-47,,,
CL,COMPARE LOGICAL (32),RX-a,C,,,A,,,,,B2,55,7-135,,,
CLC,COMPARE LOGICAL (character),SS-a,C,,¤9,A,,,,B1,B2,D5,7-135,,,
CLCL,COMPARE LOGICAL LONG,RR,C,,¤9,A,SP,II,,R1,R2,0F,7-141,,,
CLCLE,COMPARE LOGICAL LONG EXTENDED,RS-a,C,,¤9,A,SP,IC,,R1,R3,A9,7-143,,,
CLCLU,COMPARE LOGICAL LONG UNICODE,RSY-a,C,E2,¤9,A,SP,IC,,R1,R2,EB8F,7-146,,,
CLFDBR,CONVERT TO LOGICAL (long BFP to 32),RRF-e,C,F,"¤7,9",,SP,Db,Xi,Xx,,B39D,19-25,,,
CLFDTR,CONVERT TO LOGICAL (long DFP to 32),RRF-e,C,F,"¤7,9",,,Dt,Xi,Xx,,B943,20-31,,,
CLFEBR,CONVERT TO LOGICAL (short BFP to 32),RRF-e,C,F,"¤7,9",,SP Db,,Xi,Xx,,B39C,19-25,,,
CLFHSI,COMPARE LOGICAL IMMEDIATE (3216),SIL,C,GE,,A,,,,B1,,E55D,7-135,,,
CLFI,COMPARE LOGICAL IMMEDIATE (32),RIL-a,C,EI,,,,,,,,C2F,7-135,,,
CLFIT,COMPARE LOGICAL IMMEDIATE AND TRAP,RIE-a,,GE,,,,,Dc,,,EC73,7-139,,,
CLFXBR,CONVERT TO LOGICAL (extended BFP to 32),RRF-e,C,F,"¤7,9",,SP Db,,Xi,Xx,,B39E,19-25,,,
CLFXTR,CONVERT TO LOGICAL (extended DFP to 32),RRF-e,C,F,"¤7,9",,SP Dt,,Xi,Xx,,B94B,20-31,,,
CLG,COMPARE LOGICAL (64),RXY-a,C,N,,A,,,,,B2,E321,7-135,,,
CLGDBR,CONVERT TO LOGICAL (long BFP to 64),RRF-e,C,F,"¤7,9",,SP Db,,Xi,Xx,,B3AD,19-25,,,
CLGDTR,CONVERT TO LOGICAL (long DFP to 64),RRF-e,C,F,"¤7,9",,,Dt,Xi,Xx,,B942,20-31,,,
CLGEBR,CONVERT TO LOGICAL (short BFP to 64),RRF-e,C,F,"¤7,9",,SP Db,,Xi,Xx,,B3AC,19-25,,,
CLGF,COMPARE LOGICAL (6432),RXY-a,C,N,,A,,,,,B2,E331,7-135,,,
CLGFI,COMPARE LOGICAL IMMEDIATE (6432),RIL-a,C,EI,,,,,,,,,C2E,7-135,,
CLGFR,COMPARE LOGICAL (6432),RRE,C,N,,,,,,,,,B931,7-135,,
CLGFRL,COMPARE LOGICAL RELATIVE LONG (6432),RIL-b,C,GE,,A*,SP,,,,,,C6E,7-136,,
CLGHRL,COMPARE LOGICAL RELATIVE LONG (6416),RIL-b,C,GE,,A*,,,,,,,C66,7-136,,
CLGHSI,COMPARE LOGICAL IMMEDIATE (6416),SIL,C,GE,,A,,,,,B1,,E559,7-135,,
CLGIB,COMPARE LOGICAL IMMEDIATE AND BRANCH,RIS,,GE,¤9,,,,B,,,,ECFD,7-137,,
CLGIJ,COMPARE LOGICAL IMMEDIATE AND BRANCH,RIE-c,,GE,¤10,,,,B,,,,EC7D 7-137,,,
CLGIT,COMPARE LOGICAL IMMEDIATE AND TRAP,RIE-a,,GE,,,,Dc,,,,,EC71,7-139,,
CLGR,COMPARE LOGICAL (64),RRE,C,N,,,,,,,,,B921,7-135,,
CLGRB,COMPARE LOGICAL AND BRANCH (64),RRS,,GE,¤9,,,,B,,,,ECE5,7-137,,
CLGRJ,COMPARE LOGICAL AND BRANCH RELATIVE (64),RIE-b,,GE,¤10,,,,B,,,,EC65,7-137,,
CLGRL,COMPARE LOGICAL RELATIVE LONG (64),RIL-b,C,GE,,A*,SP,,,,,,C6A,7-136,,
CLGRT,COMPARE LOGICAL AND TRAP (64),RRF-c,,GE,,,,Dc,,,,,B961,7-138,,
CLGT,COMPARE LOGICAL AND TRAP (64),RSY-b,,MI,,A,,Dc,,,,B2,EB2B,7-138,,
CLGXBR,CONVERT TO LOGICAL (extended BFP to 64),RRF-e,C,F,"¤7,9",,SP Db,Xi,Xx,,,,B3AE,19-25,,
CLGXTR,CONVERT TO LOGICAL (extended DFP to 64),RRF-e,C,F,"¤7,9",,SP Dt,Xi,Xx,,,,B94A,20-31,,
CLHF,COMPARE LOGICAL HIGH (32),RXY-a,C,HW,,A,,,,,,B2,E3CF,7-140,,
CLHHR,COMPARE LOGICAL HIGH (32),RRE,C,HW,,,,,,,,,B9CF,7-140,,
CLHHSI,COMPARE LOGICAL IMMEDIATE (1616),SIL,C,GE,,A,,,,,B1,,E555,7-135,,
CLHLR,COMPARE LOGICAL HIGH (32),RRE,C,HW,,,,,,,,,B9DF,7-140,,
CLHRL,COMPARE LOGICAL RELATIVE LONG (3216),RIL-b,C,GE,,A*,,,,,,,C67,7-136,,
CLI,COMPARE LOGICAL (immediate),SI,C,,,A,,,,,B1,,95,7-135,,
CLIB,COMPARE LOGICAL IMMEDIATE AND BRANCH,RIS,,GE,¤9,,,,B,,,,ECFF,7-137,,
CLIH,COMPARE LOGICAL IMMEDIATE HIGH (32),RIL-a,C,HW,,,,,,,,,CCF,7-141,,
CLIJ,COMPARE LOGICAL IMMEDIATE AND BRANCH,RIE-c,,GE,¤10,,,,B,,,,EC7F,7-137,,
CLIY,COMPARE LOGICAL (immediate),SIY,C,LD,,A,,,,,B1,,EB55,7-135,,
CLM,COMPARE LOGICAL CHAR. UNDER MASK (low),RS-b,C,,,A,,,,,,B2,BD,7-140,,
CLMH,COMPARE LOGICAL CHAR. UNDER MASK (high),RSY-b,C,N,,A,,,,,,B2,EB20,7-140,,
CLMY,COMPARE LOGICAL CHAR. UNDER MASK (low),RSY-b,C,LD,,A,,,,,,B2,EB21,7-140,,
CLR,COMPARE LOGICAL (32),RR,C,,,,,,,,,,15,7-135,,
CLRB,COMPARE LOGICAL AND BRANCH (32),RRS,,GE,¤9,,,,B,,,,ECF7,7-137,,
CLRJ,COMPARE LOGICAL AND BRANCH RELATIVE (32),RIE-b,,GE,¤10,,,,B,,,,EC77,7-137,,
CLRL,COMPARE LOGICAL RELATIVE LONG (32),RIL-b,C,GE,,A*,SP,,,,,,C6F,7-136,,
CLRT,COMPARE LOGICAL AND TRAP (32),RRF-c,,GE,,,,Dc,,,,,B973,7-138,,
CLST,COMPARE LOGICAL STRING,RRE,C,,¤9,A,SP IC,,G0,,R1,R2,B25D,7-149,,
CLT,COMPARE LOGICAL AND TRAP (32),RSY-b,,MI,,A,,Dc,,,,B2,EB23,7-138,,
CLY,COMPARE LOGICAL (32),RXY-a,C,LD,,A,,,,,,B2,E355,7-135,,
CMPSC,COMPRESSION CALL,RRE,C,,"¤5,9",A,SP II,Dg,GM,ST,R1,R2,B263,7-153,,
CP,COMPARE DECIMAL,SS-b,C,,¤9,A,Dg,,,,B1,B2,F9,8-7,,
CPDT,CONVERT TO PACKED (from long DFP),RSL-b,C,PC,"¤7,9",A,SP Dt,DF,,ST,,B2,EDAC,20-32,,
CPSDR,COPY SIGN (long),RRF-b,,FS,"¤7,9",,Da,,,,,,B372,9-30,,
CPXT,CONVERT TO PACKED (from extended DFP),RSL-b,C,PC,"¤7,9",A,SP Dt,DF,,ST,,B2,EDAD,20-32,,
CPYA,COPY ACCESS,RRE,,,¤6,,,,,,U1,U2,B24D,7-210,,
CR,COMPARE (32),RR,C,,,,,,,,,,19,7-117,,
CRB,COMPARE AND BRANCH (32),RRS,,GE,¤9,,,,B,,,,ECF6,7-118,,
CRDTE,COMPARE AND REPLACE DAT TABLE ENTRY,RRF-b,,ED2 P,,A1,SP,$,,,,,B98F,10-17,,
CRJ,COMPARE AND BRANCH RELATIVE (32),RIE-b,,GE,¤10,,,,B,,,,EC76,7-118,,
CRL,COMPARE RELATIVE LONG (32),RIL-b,C,GE,,A*,SP,,,,,,C6D,7-118,,
CRT,COMPARE AND TRAP (32),RRF-c,,GE,,,,Dc,,,,,B972,7-132,,
CS,COMPARE AND SWAP (32),RS-a,C,,¤9,A,SP,$,,ST,,B2,BA,7-127,,
CSCH,CLEAR SUBCHANNEL,S,C,,P,,OP,¢,GS,,,,B230,14-5,,
CSDTR,CONVERT TO SIGNED PACKED (long DFP to 64),RRF-d,,TF,"¤7,9",,,Dt,,,,,,,B3E3,20-34
CSG,COMPARE AND SWAP (64),RSY-a,C,N,¤9,A,SP,,,$,,ST,,B2,EB30,7-127
CSP,COMPARE AND SWAP AND PURGE (32),RRE,C,,P,A1,SP,,,$,,ST,,R2,B250,10-20
CSPG,COMPARE AND SWAP AND PURGE (64),RRE,C,DE,P,A1,SP,,,$,,ST,,R2,B98A,10-20
CSST,COMPARE AND SWAP AND STORE,SSF,C,CS,¤1,A,SP,,,$,GM,ST,B1,B2,C82,7-129
CSXTR,CONVERT TO SIGNED PACKED (extended DFP to,RRF-d,,TF,"¤7,9",,SP Dt,,,,,,,,B3EB,20-34
CSY,COMPARE AND SWAP (32),RSY-a,C,LD,¤9,A,SP,,,$,,ST,,B2,EB14,7-127
CU12,CONVERT UTF-8 TO UTF-16,RRF-c,C,,"¤5,9",A,SP,IC,,,,ST,R1,R2,B2A7,7-202
CU14,CONVERT UTF-8 TO UTF-32,RRF-c,C,E3,"¤5,9",A,SP,IC,,,,ST,R1,R2,B9B0,7-206
CU21,CONVERT UTF-16 TO UTF-8,RRF-c,C,,"¤5,9",A,SP,IC,,,,ST,R1,R2,B2A6,7-193
CU24,CONVERT UTF-16 TO UTF-32,RRF-c,C,E3,"¤5,9",A,SP,IC,,,,ST,R1,R2,B9B1,7-190
CU41,CONVERT UTF-32 TO UTF-8,RRE,C,E3,"¤5,9",A,SP,IC,,,,ST,R1,R2,B9B2,7-199
CU42,CONVERT UTF-32 TO UTF-16,RRE,C,E3,"¤5,9",A,SP,IC,,,,ST,R1,R2,B9B3,7-196
CUDTR,CONVERT TO UNSIGNED PACKED (long DFP to 64),RRE,,TF,"¤7,9",,,Dt,,,,,,,B3E2,20-34
CUSE,COMPARE UNTIL SUBSTRING EQUAL,RRE,C,,¤9,A,SP,II,,,GM,,R1,R2,B257,7-150
CUTFU,CONVERT UTF-8 TO UNICODE,RRF-c,C,,"¤5,9",A,SP,IC,,,,ST,R1,R2,B2A7,7-202
CUUTF,CONVERT UNICODE TO UTF-8,RRF-c,C,,"¤5,9",A,SP,IC,,,,ST,R1,R2,B2A6,7-193
CUXTR,CONVERT TO UNSIGNED PACKED (extended DFP,RRE,,TF,"¤7,9",,SP,Dt,,,,,,,B3EA,20-34
CVB,CONVERT TO BINARY (32),RX-a,,,¤9,A,,,Dg,IK,,,,B2,4F,7-188
CVBG,CONVERT TO BINARY (64),RXY-a,,N,¤9,A,,,Dg,IK,,,,B2,E30E,7-188
CVBY,CONVERT TO BINARY (32),RXY-a,,LD,¤9,A,,,Dg,IK,,,,B2,E306,7-188
CVD,CONVERT TO DECIMAL (32),RX-a,,,¤9,A,,,,,,ST,,B2,4E,7-189
CVDG,CONVERT TO DECIMAL (64),RXY-a,,N,¤9,A,,,,,,ST,,B2,E32E,7-189
CVDY,CONVERT TO DECIMAL (32),RXY-a,,LD,¤9,A,,,,,,ST,,B2,E326,7-189
CXBR,COMPARE (extended BFP),RRE,C,,"¤7,9",,SP,Db,Xi,,,,,,B349,19-17
CXFBR,CONVERT FROM FIXED (32 to extended BFP),RRE,,,"¤7,9",,SP,Db,,,,,,,B396,19-19
CXFBRA,CONVERT FROM FIXED (32 to extended BFP),RRF-e,,F,"¤7,9",,SP,Db,,,,,,,B396,19-19
CXFR,CONVERT FROM FIXED (32 to extended HFP),RRE,,,"¤7,9",,SP,Da,,,,,,,B3B6,18-11
CXFTR,CONVERT FROM FIXED (32 to extended DFP),RRE,,F,"¤7,9",,SP,Dt,,,,,,,B959,20-23
CXGBR,CONVERT FROM FIXED (64 to extended BFP),RRE,,N,"¤7,9",,SP,Db,,,,,,,B3A6,19-19
CXGBRA,CONVERT FROM FIXED (64 to extended BFP),RRF-e,,F,"¤7,9",,SP,Db,,,,,,,B3A6,19-19
CXGR,CONVERT FROM FIXED (64 to extended HFP),RRE,,N,"¤7,9",,SP,Da,,,,,,,B3C6,18-11
CXGTR,CONVERT FROM FIXED (64 to extended DFP),RRE,,TF,"¤7,9",,SP,Dt,,,,,,,B3F9,20-23
CXGTRA,CONVERT FROM FIXED (64 to extended DFP),RRF-e,,F,"¤7,9",,SP,Dt,,,,,,,B3F9,20-23
CXLFBR,CONVERT FROM LOGICAL (32 to extended BFP),RRF-e,,F,"¤7,9",,SP,Db,,,,,,,B392,19-21
CXLFTR,CONVERT FROM LOGICAL (32 to extended DFP),RRF-e,,F,"¤7,9",,SP,Dt,,,,,,,B95B,20-24
CXLGBR,CONVERT FROM LOGICAL (64 to extended BFP),RRF-e,,F,"¤7,9",,SP,Db,,,,,,,B3A2,19-21
CXLGTR,CONVERT FROM LOGICAL (64 to extended DFP),RRF-e,,F,"¤7,9",,SP,Dt,,,,,,,B95A,20-24
CXPT,CONVERT FROM PACKED (to extended DFP),RSL-b,,PC,"¤7,9",A,SP,Dt,Dg,,,,,B2,EDAF,20-25
CXR,COMPARE (extended HFP),RRE,C,,"¤7,9",,SP,Da,,,,,,,B369,18-10
CXSTR,CONVERT FROM SIGNED PACKED (128 to extended,RRE,,TF,"¤7,9",,SP,Dt,Dg,,,,,,B3FB,20-27
CXTR,COMPARE (extended DFP),RRE,C,TF,"¤7,9",,SP Dt,,Xi,,,,,,B3EC,20-20
CXUTR,CONVERT FROM UNSIGNED PACKED (128 to ext.,RRE,,TF,"¤7,9",,SP Dt,,Dg,,,,,,B3FA,20-27
CXZT,CONVERT FROM ZONED (to extended DFP),RSL,,ZF,"¤7,9",A,SP Dt,,Dg,,,,,B2,EDAB,20-28
CY,COMPARE (32),RXY-a,C,LD,,A,,,,,,,,B2,E359,7-117
CZDT,CONVERT TO ZONED (from long DFP),RSL,C,ZF,"¤7,9",A,SP,,,,,ST,,B2,EDA8,20-35
CZXT,CONVERT TO ZONED (from extended DFP),RSL,C,ZF,"¤7,9",A,SP,,,,,ST,,B2,EDA9,20-35
D,DIVIDE (3264),RX-a,,,¤9,A,SP,,,IK,,,,B2,5D,7-210
DD,DIVIDE (long HFP),RX-a,,,"¤7,9",A,,Da,EU,EO,FK,,,B2,6D,18-12
DDB,DIVIDE (long BFP),RXE,,,"¤7,9",A,,Db,Xi,Xz,Xo,Xu Xx,,B2,ED1D,19-27
DDBR,DIVIDE (long BFP),RRE,,,"¤7,9",,,Db,Xi,Xz,Xo,Xu Xx,,,B31D,19-27
DDR,DIVIDE (long HFP),RR,,,"¤7,9",,,Da,EU,EO,FK,,,,2D,18-12
DDTR,DIVIDE (long DFP),RRF-a,TF,"¤7,9",,Dt,Xi,Xz,Xo,Xu Xx,,,B3D1,20-36,,
DDTRA,DIVIDE (long DFP),RRF-a,F,"¤7,9",,Dt,Xi,Xz,Xo,Xu Xx Xq,,,B3D1,20-36,,
DE,DIVIDE (short HFP),RX-a,,"¤7,9",A,Da,EU EO FK,,,,,B2,7D,18-12,,
DEB,DIVIDE (short BFP),RXE,,"¤7,9",A,Db,Xi,Xz,Xo,Xu Xx,,B2,ED0D,19-27,,
DEBR,DIVIDE (short BFP),RRE,,"¤7,9",,Db,Xi,Xz,Xo,Xu Xx,,,B30D,19-27,,
DER,DIVIDE (short HFP),RR,,"¤7,9",,Da,EU EO FK,,,,,,3D,18-12,,
DIDBR,DIVIDE TO INTEGER (long BFP),RRF-b,C,"¤7,9",,SP Db,Xi,,,Xu Xx,,,B35B,19-28,,
DIEBR,DIVIDE TO INTEGER (short BFP),RRF-b,C,"¤7,9",,SP Db,Xi,,,Xu Xx,,,B353,19-28,,
DL,DIVIDE LOGICAL (3264),RXY-a,N3,¤9,A,SP,,IK,,,,B2,E397,7-211,,
DLG,DIVIDE LOGICAL (64128),RXY-a,N,¤9,A,SP,,IK,,,,B2,E387,7-211,,
DLGR,DIVIDE LOGICAL (64128),RRE,N,¤9,,SP,,IK,,,,,B987,7-211,,
DLR,DIVIDE LOGICAL (3264),RRE,N3,¤9,,SP,,IK,,,,,B997,7-211,,
DP,DIVIDE DECIMAL,SS-b,,¤9,A,SP Dg,,DK,,ST,B1,B2,FD,8-7,,
DR,DIVIDE (3264),RR,,¤9,,SP,,IK,,,,,1D,7-210,,
DSG,DIVIDE SINGLE (64),RXY-a,N,¤9,A,SP,,IK,,,,B2,E30D,7-212,,
DSGF,DIVIDE SINGLE (6432),RXY-a,N,¤9,A,SP,,IK,,,,B2,E31D,7-212,,
DSGFR,DIVIDE SINGLE (6432),RRE,N,¤9,,SP,,IK,,,,,B91D,7-212,,
DSGR,DIVIDE SINGLE (64),RRE,N,¤9,,SP,,IK,,,,,B90D,7-212,,
DXBR,DIVIDE (extended BFP),RRE,,"¤7,9",,SP Db,Xi,Xz,Xo,Xu Xx,,,B34D,19-27,,
DXR,DIVIDE (extended HFP),RRE,,"¤7,9",,SP Da,EU EO FK,,,,,,B22D,18-12,,
DXTR,DIVIDE (extended DFP),RRF-a,TF,"¤7,9",,SP Dt,Xi,Xz,Xo,Xu Xx,,,B3D9,20-36,,
DXTRA,DIVIDE (extended DFP),RRF-a,F,"¤7,9",,SP Dt,Xi,Xz,Xo,Xu Xx Xq,,,B3D9,20-36,,
EAR,EXTRACT ACCESS,RRE,,,,,,,,,,U2,B24F,7-215,,
ECAG,EXTRACT CPU ATTRIBUTE,RSY-a,GE,¤9,,,,,,,,,EB4C,7-215,,
ECTG,EXTRACT CPU TIME,SSF,ET,"¤8,9",A,,,,GM,R3,B1,B2,C81,7-217,,
ED,EDIT,SS-a,C,¤9,A,Dg,,,,ST,B1,B2,DE,8-8,,
EDMK,EDIT AND MARK,SS-a,C,¤9,A,Dg,,,G1,ST,B1,B2,DF,8-11,,
EEDTR,EXTRACT BIASED EXPONENT (long DFP to 64),RRE,TF,"¤7,9",,Dt,,,,,,,B3E5,20-38,,
EEXTR,EXTRACT BIASED EXPONENT (extended DFP to 64),RRE,TF,"¤7,9",,SP Dt,,,,,,,B3ED,20-38,,
EFPC,EXTRACT FPC,RRE,,"¤7,9",,Db,,,,,,,B38C,9-30,,
EPAIR,EXTRACT PRIMARY ASN AND INSTANCE,RRE,RA,Q,,SO,,,,,,,B99A,10-23,,
EPAR,EXTRACT PRIMARY ASN,RRE,,Q,,SO,,,,,,,B226,10-23,,
EPSW,EXTRACT PSW,RRE,N3,"¤8,9",,,,,,,,,B98D,7-218,,
EREG,EXTRACT STACKED REGISTERS (32),RRE,,¤1,A1*,SE,,,,,U1,U2,B249,10-25,,
EREGG,EXTRACT STACKED REGISTERS (64),RRE,N,¤1,A1 *,SE,,,,,U1,U2,B90E,10-25,,
ESAIR,EXTRACT SECONDARY ASN AND INSTANCE,RRE,RA,Q,,SO,,,,,,,B99B,10-24,,
ESAR,EXTRACT SECONDARY ASN,RRE,,Q,,SO,,,,,,,B227,10-24,,
ESDTR,EXTRACT SIGNIFICANCE (long DFP to 64),RRE,TF,"¤7,9",,Dt,,,,,,,B3E7,20-38,,
ESEA,EXTRACT AND SET EXTENDED AUTHORITY,RRE,N,P,,,,,,,,,B99D,10-23,,
ESTA,EXTRACT STACKED STATE,RRE,C,¤1,A1*,SP SE,,,,,,,B24A,10-26,,
ESXTR,EXTRACT SIGNIFICANCE (extended DFP to 64),RRE,TF,"¤7,9",,SP Dt,,,,,,,B3EF,20-38,,
ETND,EXTRACT TRANSACTION NESTING DEPTH,RRE,TX,¤9,,SO,,,,,,,B2EC,7-218,,
EX,EXECUTE,RX-a,,¤9,AI,SP,,,EX,,,,44,7-214,,
EXRL,EXECUTE RELATIVE LONG,RIL-b,XX,¤9,AI*,,,,EX,,,,C60,7-214,,
FIDBR,LOAD FP INTEGER (long BFP),RRF-e,,"¤7,9",,SP Db,Xi,,,Xx,,,B35F,19-32,,
FIDBRA,LOAD FP INTEGER (long BFP),RRF-e,F,"¤7,9",,SP Db,Xi,,,Xx,,,B35F,19-32,,
FIDR,LOAD FP INTEGER (long HFP),RRE,,"¤7,9",,Da,,,,,,,B37F,18-15,,
FIDTR,LOAD FP INTEGER (long DFP),RRF-e,TF,"¤7,9",,Dt,Xi,,,Xx Xq,,,B3D7,20-41,,
FIEBR,LOAD FP INTEGER (short BFP),RRF-e,,"¤7,9",,SP Db,Xi,,,Xx,,,B357,19-32,,
FIEBRA,LOAD FP INTEGER (short BFP),RRF-e,F,"¤7,9",,SP Db,Xi,,,Xx,,,B357,19-32,,
FIER,LOAD FP INTEGER (short HFP),RRE,,"¤7,9",,Da,,,,,,,B377,18-15,,
FIXBR,LOAD FP INTEGER (extended BFP),RRF-e,,"¤7,9",,SP Db,Xi,,,Xx,,,B347,19-32,,
FIXBRA,LOAD FP INTEGER (extended BFP),RRF-e,F,"¤7,9",,SP Db,Xi,,,Xx,,,B347,19-32,,
FIXR,LOAD FP INTEGER (extended HFP),RRE,,"¤7,9",,SP Da,,,,,,,B367,18-15,,
FIXTR,LOAD FP INTEGER (extended DFP),RRF-e,TF,"¤7,9",,SP Dt,Xi,,,Xx Xq,,,B3DF,20-41,,
FLOGR,FIND LEFTMOST ONE,RRE,C,EI,,,SP,,,,,,,,B983,7-219
HDR,HALVE (long HFP),RR,,,"¤7,9",,Da,EU,,,,,,,24,18-13
HER,HALVE (short HFP),RR,,,"¤7,9",,Da,EU,,,,,,,34,18-13
HSCH,HALT SUBCHANNEL,S,C,,P,,OP,,¢,GS,,,,,B231,14-6
IAC,INSERT ADDRESS SPACE CONTROL,RRE,C,,Q,,SO,,,,,,,,B224,10-28
IC,INSERT CHARACTER,RX-a,,,,A,,,,,,,,B2,43,7-219
ICM,INSERT CHARACTERS UNDER MASK (low),RS-b,C,,,A,,,,,,,,B2,BF,7-220
ICMH,INSERT CHARACTERS UNDER MASK (high),RSY-b,C,N,,A,,,,,,,,B2,EB80,7-220
ICMY,INSERT CHARACTERS UNDER MASK (low),RSY-b,C,LD,,A,,,,,,,,B2,EB81,7-220
ICY,INSERT CHARACTER,RXY-a,,LD,,A,,,,,,,,B2,E373,7-219
IDTE,INVALIDATE DAT TABLE ENTRY,RRF-b,U,DE,P,A1,SP,,$,,,,,,B98E,10-31
IEDTR,INSERT BIASED EXPONENT (64 to long DFP),RRF-b,,TF,"¤7,9",,Dt,,,,,,,,B3F6,20-39
IEXTR,INSERT BIASED EXPONENT (64 to extended DFP),RRF-b,,TF,"¤7,9",,SP Dt,,,,,,,,B3FE,20-39
IIHF,INSERT IMMEDIATE (high),RIL-a,,EI,,,,,,,,,,,C08,7-221
IIHH,INSERT IMMEDIATE (high high),RI-a,,N,,,,,,,,,,,A50,7-221
IIHL,INSERT IMMEDIATE (high low),RI-a,,N,,,,,,,,,,,A51,7-221
IILF,INSERT IMMEDIATE (low),RIL-a,,EI,,,,,,,,,,,C09,7-221
IILH,INSERT IMMEDIATE (low high),RI-a,,N,,,,,,,,,,,A52,7-221
IILL,INSERT IMMEDIATE (low low),RI-a,,N,,,,,,,,,,,A53,7-221
IPK,INSERT PSW KEY,S,,,Q,,,,,G2,,,,,B20B,10-29
IPM,INSERT PROGRAM MASK,RRE,,,,,,,,,,,,,B222,7-221
IPTE,INVALIDATE PAGE TABLE ENTRY,RRF-a,,,P,A1,SP,,$,,,,,,B221,10-36
ISKE,INSERT STORAGE KEY EXTENDED,RRE,,,P,A1 *,,,,,,,,,B229,10-29
IVSK,INSERT VIRTUAL STORAGE KEY,RRE,,,Q,A1 *,SO,,,,,,,R2,B223,10-30
KDB,COMPARE AND SIGNAL (long BFP),RXE,C,,"¤7,9",A,Db,Xi,,,,,,B2,ED18,19-18
KDBR,COMPARE AND SIGNAL (long BFP),RRE,C,,"¤7,9",,Db,Xi,,,,,,,B318,19-18
KDTR,COMPARE AND SIGNAL (long DFP),RRE,C,TF,"¤7,9",,Dt,Xi,,,,,,,B3E0,20-22
KEB,COMPARE AND SIGNAL (short BFP),RXE,C,,"¤7,9",A,Db,Xi,,,,,,B2,ED08,19-18
KEBR,COMPARE AND SIGNAL (short BFP),RRE,C,,"¤7,9",,Db,Xi,,,,,,,B308,19-18
KIMD,COMPUTE INTERMEDIATE MESSAGE DIGEST,RRE,C,MS,"¤5,9",A,SP IC,,,GM,I1,ST,,R2,B93E,7-165
KLMD,COMPUTE LAST MESSAGE DIGEST,RRE,C,MS,"¤5,9",A,SP IC,,,GM,I1,ST,,R2,B93F,7-165
KM,CIPHER MESSAGE,RRE,C,MS,"¤5,9",A,SP IC,,,GM,I1,ST,R1,R2,B92E,7-50
KMAC,COMPUTE MESSAGE AUTHENTICATION CODE,RRE,C,MS,"¤5,9",A,SP IC,,,GM,I1,ST,,R2,B91E,7-178
KMC,CIPHER MESSAGE WITH CHAINING,RRE,C,MS,"¤5,9",A,SP IC,,,GM,I1,ST,R1,R2,B92F,7-50
KMCTR,CIPHER MESSAGE WITH COUNTER,RRF-b,C,M4,"¤5,9",A,SP IC,,,GM,I1,ST,"R1,R2,R3",,B92D,7-90
KMF,CIPHER MESSAGE WITH CIPHER FEEDBACK,RRE,C,M4,"¤5,9",A,SP IC,,,GM,I1,ST,R1,R2,B92A,7-75
KMO,CIPHER MESSAGE WITH OUTPUT FEEDBACK,RRE,C,M4,"¤5,9",A,SP IC,,,GM,I1,ST,R1,R2,B92B,7-103
KXBR,COMPARE AND SIGNAL (extended BFP),RRE,C,,"¤7,9",,SP Db,Xi,,,,,,,B348,19-18
KXTR,COMPARE AND SIGNAL (extended DFP),RRE,C,TF,"¤7,9",,SP Dt,Xi,,,,,,,B3E8,20-22
L,LOAD (32),RX-a,,,,A,,,,,,,,B2,58,7-221
LA,LOAD ADDRESS,RX-a,,,,,,,,,,,,,41,7-223
LAA,LOAD AND ADD (32),RSY-a,C,IA,¤9,A,SP,IF,£,,,ST,,B2,EBF8,7-225
LAAG,LOAD AND ADD (64),RSY-a,C,IA,¤9,A,SP,IF,£,,,ST,,B2,EBE8,7-225
LAAL,LOAD AND ADD LOGICAL (32),RSY-a,C,IA,¤9,A,SP,,£,,,ST,,B2,EBFA,7-225
LAALG,LOAD AND ADD LOGICAL (64),RSY-a,C,IA,¤9,A,SP,,£,,,ST,,B2,EBEA,7-225
LAE,LOAD ADDRESS EXTENDED,RX-a,,,¤6,,,,,,,,U1,BP,51,7-223
LAEY,LOAD ADDRESS EXTENDED,RXY-a,,GE,¤6,,,,,,,,U1,BP,E375,7-223
LAM,LOAD ACCESS MULTIPLE,RS-a,,,¤6,A,SP,,,,,,,UB,9A,7-222
LAMY,LOAD ACCESS MULTIPLE,RSY-a,,LD,¤6,A,SP,,,,,,,UB,EB9A,7-223
LAN,LOAD AND AND (32),RSY-a,C,IA,¤9,A,SP,,£,,,ST,,B2,EBF4,7-226
LANG,LOAD AND AND (64),RSY-a,C,IA,¤9,A,SP,,£,,,ST,,B2,EBE4,7-226
LAO,LOAD AND OR (32),RSY-a,C,IA,¤9,A,SP,,£,,,ST,,B2,EBF6,7-227
LAOG,LOAD AND OR (64),RSY-a,C,IA,¤9,A,SP,,£,,,ST,,B2,EBE6,7-227
LARL,LOAD ADDRESS RELATIVE LONG,RIL-b,,N3,,,,,,,,,,,C00,7-224
LASP,LOAD ADDRESS SPACE PARAMETERS,SSE,C,,P,A1,SP SO,,,,,,B1,,E500,10-39
LAT,LOAD AND TRAP (32L32),RXY-a,,LT,,A,,Dc,,,B2,E39F,7-228,,,
LAX,LOAD AND EXCLUSIVE OR (32),RSY-a,C,IA,¤9,A,SP,£,,ST,B2,EBF7,7-226,,,
LAXG,LOAD AND EXCLUSIVE OR (64),RSY-a,C,IA,¤9,A,SP,£,,ST,B2,EBE7,7-227,,,
LAY,LOAD ADDRESS,RXY-a,,LD,,,,,,,,E371,7-223,,,
LB,LOAD BYTE (328),RXY-a,,LD,,A,,,,,,E376,7-229,,,
LBH,LOAD BYTE HIGH (328),RXY-a,,HW,,A,,,,,B2,E3C0,7-229,,,
LBR,LOAD BYTE (328),RRE,,EI,,,,,,,,B926,7-229,,,
LCBB,LOAD COUNT TO BLOCK BOUNDARY,RXE,C,VF,,,SP,,,,,E727,7-230,,,
LCDBR,LOAD COMPLEMENT (long BFP),RRE,C,,"¤7,9",,Db,,,,,B313,19-31,,,
LCDFR,LOAD COMPLEMENT (long),RRE,,FS,"¤7,9",,Da,,,,,B373,9-31,,,
LCDR,LOAD COMPLEMENT (long HFP),RR,C,,"¤7,9",,Da,,,,,23,18-14,,,
LCEBR,LOAD COMPLEMENT (short BFP),RRE,C,,"¤7,9",,Db,,,,,B303,19-31,,,
LCER,LOAD COMPLEMENT (short HFP),RR,C,,"¤7,9",,Da,,,,,33,18-14,,,
LCGFR,LOAD COMPLEMENT (6432),RRE,C,N,,,,,,,,B913,7-230,,,
LCGR,LOAD COMPLEMENT (64),RRE,C,N,,,,IF,,,,B903,7-230,,,
LCR,LOAD COMPLEMENT (32),RR,C,,,,,IF,,,,13,7-230,,,
LCTL,LOAD CONTROL (32),RS-a,,,P,A,SP,,,,B2,B7,10-49,,,
LCTLG,LOAD CONTROL (64),RSY-a,,N,P,A,SP,,,,B2,EB2F,10-49,,,
LCXBR,LOAD COMPLEMENT (extended BFP),RRE,C,,"¤7,9",,SP Db,,,,,B343,19-31,,,
LCXR,LOAD COMPLEMENT (extended HFP),RRE,C,,"¤7,9",,SP Da,,,,,B363,18-14,,,
LD,LOAD (long),RX-a,,,"¤7,9",A,Da,,,,B2,68,9-31,,,
LDE,LOAD LENGTHENED (short to long HFP),RXE,,,"¤7,9",A,Da,,,,B2,ED24,18-15,,,
LDEB,LOAD LENGTHENED (short to long BFP),RXE,,,"¤7,9",A,Db,Xi,,,B2,ED04,19-34,,,
LDEBR,LOAD LENGTHENED (short to long BFP),RRE,,,"¤7,9",,Db,Xi,,,,B304,19-33,,,
LDER,LOAD LENGTHENED (short to long HFP),RRE,,,"¤7,9",,Da,,,,,B324,18-15,,,
LDETR,LOAD LENGTHENED (short to long DFP),RRF-d,,TF,"¤7,9",,Dt,Xi,,,,B3D4,20-44,,,
LDGR,LOAD FPR FROM GR (64 to long),RRE,,FG,"¤7,9",,Da,,,,,B3C1,9-34,,,
LDR,LOAD (long),RR,,,"¤7,9",,Da,,,,,28,9-31,,,
LDXBR,LOAD ROUNDED (extended to long BFP),RRE,,,"¤7,9",,SP Db,Xi,Xo,Xu Xx,,B345,19-35,,,
LDXBRA,LOAD ROUNDED (extended to long BFP),RRF-e,,F,"¤7,9",,SP Db,Xi,Xo,Xu Xx,,B345,19-35,,,
LDXR,LOAD ROUNDED (extended to long HFP),RR,,,"¤7,9",,SP Da,EO,,,,25,18-17,,,
LDXTR,LOAD ROUNDED (extended to long DFP),RRF-e,,TF,"¤7,9",,SP Dt,Xi,Xo,Xu Xx Xq,,B3DD,20-45,,,
LDY,LOAD (long),RXY-a,,LD,"¤7,9",A,Da,,,,B2,ED65,9-31,,,
LE,LOAD (short),RX-a,,,"¤7,9",A,Da,,,,B2,78,9-31,,,
LEDBR,LOAD ROUNDED (long to short BFP),RRE,,,"¤7,9",,Db,Xi,Xo,Xu Xx,,B344,19-35,,,
LEDBRA,LOAD ROUNDED (long to short BFP),RRF-e,,F,"¤7,9",,SP Db,Xi,Xo,Xu Xx,,B344,19-35,,,
LEDR,LOAD ROUNDED (long to short HFP),RR,,,"¤7,9",,Da,EO,,,,35,18-17,,,
LEDTR,LOAD ROUNDED (long to short DFP),RRF-e,,TF,"¤7,9",,Dt,Xi,Xo,Xu Xx Xq,,B3D5,20-45,,,
LER,LOAD (short),RR,,,"¤7,9",,Da,,,,,38,9-31,,,
LEXBR,LOAD ROUNDED (extended to short BFP),RRE,,,"¤7,9",,SP Db,Xi,Xo,Xu Xx,,B346,19-35,,,
LEXBRA,LOAD ROUNDED (extended to short BFP),RRF-e,,F,"¤7,9",,SP Db,Xi,Xo,Xu Xx,,B346,19-35,,,
LEXR,LOAD ROUNDED (extended to short HFP),RRE,,,"¤7,9",,SP Da,EO,,,,B366,18-17,,,
LEY,LOAD (short),RXY-a,,LD,"¤7,9",A,Da,,,,B2,ED64,9-31,,,
LFAS,LOAD FPC AND SIGNAL,S,,XF,"¤7,9",A,SP Dt,Xg,,,B2,B2BD,9-32,,,
LFH,LOAD HIGH (32),RXY-a,,HW,,A,,,,,B2,E3CA,7-233,,,
LFHAT,LOAD HIGH AND TRAP (32H32),RXY-a,,LT,,A,,Dc,,,B2,E3C8,7-233,,,
LFPC,LOAD FPC,S,,,"¤7,9",A,SP Db,,,,B2,B29D,9-31,,,
LG,LOAD (64),RXY-a,,N,,A,,,,,B2,E304,7-222,,,
LGAT,LOAD AND TRAP (64),RXY-a,,LT,,A,,Dc,,,B2,E385,7-228,,,
LGB,LOAD BYTE (648),RXY-a,,LD,,A,,,,,,E377,7-229,,,
LGBR,LOAD BYTE (648),RRE,,EI,,,,,,,,B906,7-229,,,
LGDR,LOAD GR FROM FPR (long to 64),RRE,,FG,"¤7,9",,Da,,,,,B3CD,9-34,,,
LGF,LOAD (6432),RXY-a,,N,,A,,,,,B2,E314,7-222,,,
LGFI,LOAD IMMEDIATE (6432),RIL-a,,EI,,,,,,,,C01,7-222,,,
LGFR,LOAD (6432),RRE,,N,,,,,,,,B914,7-221,,,
LGFRL,LOAD RELATIVE LONG (6432),RIL-b,,GE,,A*,,SP,,C4C,7-222,,,,,
LGH,LOAD HALFWORD (6416),RXY-a,,N,,A,,,B2,E315,7-231,,,,,
LGHI,LOAD HALFWORD IMMEDIATE (6416),RI-a,,N,,,,,,A79,7-231,,,,,
LGHR,LOAD HALFWORD (6416),RRE,,EI,,,,,,B907,7-231,,,,,
LGHRL,LOAD HALFWORD RELATIVE LONG (6416),RIL-b,,GE,,A*,,,,C44,7-231,,,,,
LGR,LOAD (64),RRE,,N,,,,,,B904,7-221,,,,,
LGRL,LOAD RELATIVE LONG (64),RIL-b,,GE,,A*,,SP,,C48,7-222,,,,,
LH,LOAD HALFWORD (3216),RX-a,,,,A,,,B2,48,7-231,,,,,
LHH,LOAD HALFWORD HIGH (3216),RXY-a,,HW,,A,,,B2,E3C4,7-232,,,,,
LHI,LOAD HALFWORD IMMEDIATE (32)16,RI-a,,,,,,,,A78,7-231,,,,,
LHR,LOAD HALFWORD (3216),RRE,,EI,,,,,,B927,7-231,,,,,
LHRL,LOAD HALFWORD RELATIVE LONG (3216),RIL-b,,GE,,A*,,,,C45,7-231,,,,,
LHY,LOAD HALFWORD (32)16,RXY-a,,LD,,A,,,B2,E378,7-231,,,,,
LLC,LOAD LOGICAL CHARACTER (328),RXY-a,,EI,,A,,,B2,E394,7-234,,,,,
LLCH,LOAD LOGICAL CHARACTER HIGH (328),RXY-a,,HW,,A,,,B2,E3C2,7-235,,,,,
LLCR,LOAD LOGICAL CHARACTER (328),RRE,,EI,,,,,,B994,7-234,,,,,
LLGC,LOAD LOGICAL CHARACTER (648),RXY-a,,N,,A,,,B2,E390,7-234,,,,,
LLGCR,LOAD LOGICAL CHARACTER (648),RRE,,EI,,,,,,B984,7-234,,,,,
LLGF,LOAD LOGICAL (6432),RXY-a,,N,,A,,,B2,E316,7-233,,,,,
LLGFAT,LOAD LOGICAL AND TRAP (6432),RXY-a,,LT,,A,,Dc,B2,E39D,7-234,,,,,
LLGFR,LOAD LOGICAL (6432),RRE,,N,,,,,,B916,7-233,,,,,
LLGFRL,LOAD LOGICAL RELATIVE LONG (6432),RIL-b,,GE,,A*,,SP,,C4E,7-233,,,,,
LLGH,LOAD LOGICAL HALFWORD (6416),RXY-a,,N,,A,,,B2,E391,7-235,,,,,
LLGHR,LOAD LOGICAL HALFWORD (6416),RRE,,EI,,,,,,B985,7-235,,,,,
LLGHRL,LOAD LOGICAL HALFWORD RELATIVE LONG,RIL-b,,GE,,A*,,,,C46,7-235,,,,,
LLGT,LOAD LOGICAL THIRTY ONE BITS (6431),RXY-a,,N,,A,,,B2,E317,7-237,,,,,
LLGTAT,LOAD LOGICAL THIRTY ONE BITS AND TRAP,RXY-a,,LT,,A,,Dc,B2,E39C,7-237,,,,,
LLGTR,LOAD LOGICAL THIRTY ONE BITS (6431),RRE,,N,,,,,,B917,7-237,,,,,
LLH,LOAD LOGICAL HALFWORD (3216),RXY-a,,EI,,A,,,B2,E395,7-235,,,,,
LLHH,LOAD LOGICAL HALFWORD HIGH (3216),RXY-a,,HW,,A,,,B2,E3C6,7-236,,,,,
LLHR,LOAD LOGICAL HALFWORD (3216),RRE,,EI,,,,,,B995,7-235,,,,,
LLHRL,LOAD LOGICAL HALFWORD RELATIVE LONG,RIL-b,,GE,,A*,,,,C42,7-235,,,,,
LLIHF,LOAD LOGICAL IMMEDIATE (high),RIL-a,,EI,,,,,,C0E,7-236,,,,,
LLIHH,LOAD LOGICAL IMMEDIATE (high high),RI-a,,N,,,,,,A5C,7-236,,,,,
LLIHL,LOAD LOGICAL IMMEDIATE (high low),RI-a,,N,,,,,,A5D,7-236,,,,,
LLILF,LOAD LOGICAL IMMEDIATE (low),RIL-a,,EI,,,,,,C0F,7-236,,,,,
LLILH,LOAD LOGICAL IMMEDIATE (low high),RI-a,,N,,,,,,A5E,7-236,,,,,
LLILL,LOAD LOGICAL IMMEDIATE (low low),RI-a,,N,,,,,,A5F,7-236,,,,,
LLZRGF,LOAD LOGICAL AND ZERO RIGHTMOST BYTE,RXY-a,,LZ,,A,,,B2,E33A,7-234,,,,,
LM,LOAD MULTIPLE (32),RS-a,,,,A,,,B2,98,7-237,,,,,
LMD,LOAD MULTIPLE DISJOINT (6432&32),SS-e,,N,¤9,A,,B2,B4,EF,7-238,,,,,
LMG,LOAD MULTIPLE (64),RSY-a,,N,,A,,,B2,EB04,7-237,,,,,
LMH,LOAD MULTIPLE HIGH (32),RSY-a,,N,,A,,,B2,EB96,7-238,,,,,
LMY,LOAD MULTIPLE (32),RSY-a,,LD,,A,,,B2,EB98,7-237,,,,,
LNDBR,LOAD NEGATIVE (long BFP),RRE,C,,"¤7,9",,,Db,,B311,19-34,,,,,
LNDFR,LOAD NEGATIVE (long),RRE,,FS,"¤7,9",,,Da,,B371,9-34,,,,,
LNDR,LOAD NEGATIVE (long HFP),RR,C,,"¤7,9",,,Da,,21,18-16,,,,,
LNEBR,LOAD NEGATIVE (short BFP),RRE,C,,"¤7,9",,,Db,,B301,19-34,,,,,
LNER,LOAD NEGATIVE (short HFP),RR,C,,"¤7,9",,,Da,,31,18-16,,,,,
LNGFR,LOAD NEGATIVE (6432),RRE,C,N,,,,,,B911,7-239,,,,,
LNGR,LOAD NEGATIVE (64),RRE,C,N,,,,,,B901,7-239,,,,,
LNR,LOAD NEGATIVE (32),RR,C,,,,,,,11,7-239,,,,,
LNXBR,LOAD NEGATIVE (extended BFP),RRE,C,,"¤7,9",,SP Db,,,B341,19-34,,,,,
LNXR,LOAD NEGATIVE (extended HFP),RRE,C,,"¤7,9",,SP Da,,,B361,18-16,,,,,
LOC,LOAD ON CONDITION (32),RSY-b,,L1,,A,,,B2,EBF2,7-239,,,,,
LOCFH,LOAD HIGH ON CONDITION (32),RSY-b,,L2,,A,,,B2,EBE0,7-239,,,,,
LOCFHR,LOAD HIGH ON CONDITION (32),RRF-c,,L2,,,,,,B9E0,7-239,,,,,
LOCG,LOAD ON CONDITION (64),RSY-b,,L1,,A,,,B2,EBE2,7-239,,,,,
LOCGHI,LOAD HALFWORD IMMEDIATE ON CONDITION,RIE-g,,L2,,,,,,EC46,7-232,,,,,
LOCGR,LOAD ON CONDITION (64),RRF-c,,L1,,A,,,,B9E2,7-239,,,,,
LOCHHI,LOAD HALFWORD HIGH IMMEDIATE ON,RIE-g,,L2,,,,,,EC4E,7-232,,,,,
LOCHI,LOAD HALFWORD IMMEDIATE ON CONDITION,RIE-g,,L2,,,,,,EC42,7-232,,,,,
LOCR,LOAD ON CONDITION (32),RRF-c,,L1,,A,,,,B9F2,7-239,,,,,
LPD,LOAD PAIR DISJOINT (32),SSF,C,IA,,A,SP,B1,B2,C84,7-241,,,,,
LPDBR,LOAD POSITIVE (long BFP),RRE,C,,"¤7,9",,Db,,,B310,19-35,,,,,
LPDFR,LOAD POSITIVE (long),RRE,,FS,"¤7,9",,Da,,,B370,9-34,,,,,
LPDG,LOAD PAIR DISJOINT (64),SSF,C,IA,,A,SP,B1,B2,C85,7-241,,,,,
LPDR,LOAD POSITIVE (long HFP),RR,C,,"¤7,9",,Da,,,20,18-16,,,,,
LPEBR,LOAD POSITIVE (short BFP),RRE,C,,"¤7,9",,Db,,,B300,19-35,,,,,
LPER,LOAD POSITIVE (short HFP),RR,C,,"¤7,9",,Da,,,30,18-16,,,,,
LPGFR,LOAD POSITIVE (6432),RRE,C,N,,,,,,B910,7-242,,,,,
LPGR,LOAD POSITIVE (64),RRE,C,N,,,,IF,,B900,7-242,,,,,
LPQ,LOAD PAIR FROM QUADWORD (64&64128),RXY-a,,N,¤9,A,SP,,B2,E38F,7-242,,,,,
LPR,LOAD POSITIVE (32),RR,C,,,,,IF,,10,7-242,,,,,
LPSW,LOAD PSW,S,L,,P,A,SP,¢,B2,82,10-53,,,,,
LPSWE,LOAD PSW EXTENDED,S,L,N,P,A,SP,¢,B2,B2B2,10-53,,,,,
LPTEA,LOAD PAGE TABLE ENTRY ADDRESS,RRF-b,C,D2,P,A1*,SP SO,,R2,B9AA,10-49,,,,,
LPXBR,LOAD POSITIVE (extended BFP),RRE,C,,"¤7,9",,SP Db,,,B340,19-35,,,,,
LPXR,LOAD POSITIVE (extended HFP),RRE,C,,"¤7,9",,SP Da,,,B360,18-16,,,,,
LR,LOAD (32),RR,,,,,,,,18,7-221,,,,,
LRA,LOAD REAL ADDRESS (32),RX-a,C,,P,A1 *,SO,,BP,B1,10-54,,,,,
LRAG,LOAD REAL ADDRESS (64),RXY-a,C,N,P,A1 *,,,BP,E303,10-54,,,,,
LRAY,LOAD REAL ADDRESS (32),RXY-a,C,LD,P,A1*,SO,,BP,E313,10-54,,,,,
LRDR,LOAD ROUNDED (extended to long HFP),RR,,,"¤7,9",,SP Da,EO,,25,18-17,,,,,
LRER,LOAD ROUNDED (long to short HFP),RR,,,"¤7,9",,Da,EO,,35,18-17,,,,,
LRL,LOAD RELATIVE LONG (32),RIL-b,,GE,,A,SP,,,C4D,7-222,,,,,
LRV,LOAD REVERSED (32),RXY-a,,N3,,A,,,B2,E31E,7-243,,,,,
LRVG,LOAD REVERSED (64),RXY-a,,N,,A,,,B2,E30F,7-243,,,,,
LRVGR,LOAD REVERSED (64),RRE,,N,,,,,,B90F,7-243,,,,,
LRVH,LOAD REVERSED (16),RXY-a,,N3,,A,,,B2,E31F,7-243,,,,,
LRVR,LOAD REVERSED (32),RRE,,N3,,,,,,B91F,7-242,,,,,
LT,LOAD AND TEST (32),RXY-a,C,EI,,A,,,B2,E312,7-228,,,,,
LTDBR,LOAD AND TEST (long BFP),RRE,C,,"¤7,9",,Db,Xi,,B312,19-31,,,,,
LTDR,LOAD AND TEST (long HFP),RR,C,,"¤7,9",,Da,,,22,18-13,,,,,
LTDTR,LOAD AND TEST (long DFP),RRE,C,TF,"¤7,9",,Dt,Xi,,B3D6,20-40,,,,,
LTEBR,LOAD AND TEST (short BFP),RRE,C,,"¤7,9",,Db,Xi,,B302,19-31,,,,,
LTER,LOAD AND TEST (short HFP),RR,C,,"¤7,9",,Da,,,32,18-13,,,,,
LTG,LOAD AND TEST (64),RXY-a,C,EI,,A,,,B2,E302,7-228,,,,,
LTGF,LOAD AND TEST (6432),RXY-a,C,GE,,A,,,B2,E332,7-228,,,,,
LTGFR,LOAD AND TEST (6432),RRE,C,N,,,,,,B912,7-228,,,,,
LTGR,LOAD AND TEST (64),RRE,C,N,,,,,,B902,7-228,,,,,
LTR,LOAD AND TEST (32),RR,C,,,,,,,12,7-228,,,,,
LTXBR,LOAD AND TEST (extended BFP),RRE,C,,"¤7,9",,SP Db,Xi,,B342,19-31,,,,,
LTXR,LOAD AND TEST (extended HFP),RRE,C,,"¤7,9",,SP Da,,,B362,18-14,,,,,
LTXTR,LOAD AND TEST (extended DFP),RRE,C,TF,"¤7,9",,SP Dt,Xi,,,,B3DE,20-40,,,
LURA,LOAD USING REAL ADDRESS (32),RRE,,,P,A1,SP,,,,,B24B,10-59,,,
LURAG,LOAD USING REAL ADDRESS (64),RRE,,N,P,A1,SP,,,,,B905,10-59,,,
LXD,LOAD LENGTHENED (long to extended HFP),RXE,,,"¤7,9",A,SP Da,,,,B2,ED25,18-15,,,
LXDB,LOAD LENGTHENED (long to extended BFP),RXE,,,"¤7,9",A,SP Db,Xi,,,B2,ED05,19-34,,,
LXDBR,LOAD LENGTHENED (long to extended BFP),RRE,,,"¤7,9",,SP Db,Xi,,,,B305,19-33,,,
LXDR,LOAD LENGTHENED (long to extended HFP),RRE,,,"¤7,9",,SP Da,,,,,B325,18-15,,,
LXDTR,LOAD LENGTHENED (long to extended DFP),RRF-d,,TF,"¤7,9",,SP Dt,Xi,,,,B3DC,20-44,,,
LXE,LOAD LENGTHENED (short to extended HFP),RXE,,,"¤7,9",A,SP Da,,,,B2,ED26,18-15,,,
LXEB,LOAD LENGTHENED (short to extended BFP),RXE,,,"¤7,9",A,SP Db,Xi,,,B2,ED06,19-34,,,
LXEBR,LOAD LENGTHENED (short to extended BFP),RRE,,,"¤7,9",,SP Db,Xi,,,,B306,19-33,,,
LXER,LOAD LENGTHENED (short to extended HFP),RRE,,,"¤7,9",,SP Da,,,,,B326,18-15,,,
LXR,LOAD (extended),RRE,,,"¤7,9",,SP Da,,,,,B365,9-31,,,
LY,LOAD (32),RXY-a,,LD,,A,,,,,B2,E358,7-221,,,
LZDR,LOAD ZERO (long),RRE,,,"¤7,9",,Da,,,,,B375,9-35,,,
LZER,LOAD ZERO (short),RRE,,,"¤7,9",,Da,,,,,B374,9-35,,,
LZRF,LOAD AND ZERO RIGHTMOST BYTE (32),RXY-a,,LZ,,A,,,,,B2,E33B,7-229,,,
LZRG,LOAD AND ZERO RIGHTMOST BYTE (64),RXY-a,,LZ,,A,,,,,B2,E32A,7-229,,,
LZXR,LOAD ZERO (extended),RRE,,,"¤7,9",,SP Da,,,,,B376,9-35,,,
M,MULTIPLY (6432),RX-a,,,,A,SP,,,,B2,5C,7-259,,,
MAD,MULTIPLY AND ADD (long HFP),RXF,,HM,"¤7,9",A,Da,EU,EO,,B2,ED3E,18-19,,,
MADB,MULTIPLY AND ADD (long BFP),RXF,,,"¤7,9",A,Db,Xi,Xo,Xu Xx,B2,ED1E,19-38,,,
MADBR,MULTIPLY AND ADD (long BFP),RRD,,,"¤7,9",,Db,Xi,Xo,Xu Xx,,B31E,19-38,,,
MADR,MULTIPLY AND ADD (long HFP),RRD,,HM,"¤7,9",,Da,EU,EO,,,B33E,18-19,,,
MAE,MULTIPLY AND ADD (short HFP),RXF,,HM,"¤7,9",A,Da,EU,EO,,B2,ED2E,18-19,,,
MAEB,MULTIPLY AND ADD (short BFP),RXF,,,"¤7,9",A,Db,Xi,Xo,Xu Xx,B2,ED0E,19-38,,,
MAEBR,MULTIPLY AND ADD (short BFP),RRD,,,"¤7,9",,Db,Xi,Xo,Xu Xx,,B30E,19-38,,,
MAER,MULTIPLY AND ADD (short HFP),RRD,,HM,"¤7,9",,Da,EU,EO,,,B32E,18-19,,,
MAY,MULTIPLY & ADD UNNORMALIZED (long to ext. HFP),RXF,,UE,"¤7,9",A,Da,,,,B2,ED3A,18-20,,,
MAYH,MULTIPLY AND ADD UNNRM. (long to ext. high HFP),RXF,,UE,"¤7,9",A,Da,,,,B2,ED3C,18-20,,,
MAYHR,MULTIPLY AND ADD UNNRM. (long to ext. high HFP),RRD,,UE,"¤7,9",,Da,,,,,B33C,18-20,,,
MAYL,MULTIPLY AND ADD UNNRM. (long to ext. low HFP),RXF,,UE,"¤7,9",A,Da,,,,B2,ED38,18-20,,,
MAYLR,MULTIPLY AND ADD UNNRM. (long to ext. low HFP),RRD,,UE,"¤7,9",,Da,,,,,B338,18-20,,,
MAYR,MULTIPLY & ADD UNNORMALIZED (long to ext. HFP),RRD,,UE,"¤7,9",,Da,,,,,B33A,18-20,,,
MC,MONITOR CALL,SI,,,"¤4,8,9",,SP,,ME,,,AF,7-243,,,
MD,MULTIPLY (long HFP),RX-a,,,"¤7,9",A,Da,EU,EO,,B2,6C,18-18,,,
MDB,MULTIPLY (long BFP),RXE,,,"¤7,9",A,Db,Xi,Xo,Xu Xx,B2,ED1C,19-37,,,
MDBR,MULTIPLY (long BFP),RRE,,,"¤7,9",,Db,Xi,Xo,Xu Xx,,B31C,19-37,,,
MDE,MULTIPLY (short to long HFP),RX-a,,,"¤7,9",A,Da,EU,EO,,B2,7C,18-18,,,
MDEB,MULTIPLY (short to long BFP),RXE,,,"¤7,9",A,Db,Xi,,,B2,ED0C,19-37,,,
MDEBR,MULTIPLY (short to long BFP),RRE,,,"¤7,9",,Db,Xi,,,,B30C,19-37,,,
MDER,MULTIPLY (short to long HFP),RR,,,"¤7,9",,Da,EU,EO,,,3C,18-17,,,
MDR,MULTIPLY (long HFP),RR,,,"¤7,9",,Da,EU,EO,,,2C,18-17,,,
MDTR,MULTIPLY (long DFP),RRF-a,,TF,"¤7,9",,Dt,Xi,Xo,Xu Xx,,B3D0,20-46,,,
MDTRA,MULTIPLY (long DFP),RRF-a,,F,"¤7,9",,Dt,Xi,Xo,Xu Xx Xq,,B3D0,20-47,,,
ME,MULTIPLY (short to long HFP),RX-a,,,"¤7,9",A,Da,EU,EO,,B2,7C,18-18,,,
MEE,MULTIPLY (short HFP),RXE,,,"¤7,9",A,Da,EU,EO,,B2,ED37,18-18,,,
MEEB,MULTIPLY (short BFP),RXE,,,"¤7,9",A,Db,Xi,Xo,Xu Xx,B2,ED17,19-37,,,
MEEBR,MULTIPLY (short BFP),RRE,,,"¤7,9",,Db,Xi,Xo,Xu Xx,,B317,19-37,,,
MEER,MULTIPLY (short HFP),RRE,,,"¤7,9",,Da,EU,EO,,,B337,18-17,,,
MER,MULTIPLY (short to long HFP),RR,,,"¤7,9",,Da,EU,EO,,,3C,18-18,,,
MFY,MULTIPLY (6432),RXY-a,,GE,,A,SP,,,,B2,E35C,7-259,,,
MGHI,MULTIPLY HALFWORD IMMEDIATE (6416),RI-a,,N,,,,,,,,A7D,7-260,,,
MH,MULTIPLY HALFWORD (3216),RX-a,,,,A,,,,,B2,4C,7-260,,,
MHI,MULTIPLY HALFWORD IMMEDIATE (3216),RI-a,,,,,,,,,,A7C,7-260,,,
MHY,MULTIPLY HALFWORD (3216),RXY-a,,GE,,A,,,,,,,,B2,E37C,7-260
ML,MULTIPLY LOGICAL (6432),RXY-a,,N3,,A,SP,,,,,,,B2,E396,7-261
MLG,MULTIPLY LOGICAL (12864),RXY-a,,N,,A,SP,,,,,,,B2,E386,7-261
MLGR,MULTIPLY LOGICAL (12864),RRE,,N,,,SP,,,,,,,,B986,7-261
MLR,MULTIPLY LOGICAL (6432),RRE,,N3,,,SP,,,,,,,,B996,7-260
MP,MULTIPLY DECIMAL,SS-b,,,¤9,A,SP Dg,,,,,ST,B1,B2,FC,8-12
MR,MULTIPLY (6432),RR,,,,,SP,,,,,,,,1C,7-259
MS,MULTIPLY SINGLE (32),RX-a,,,,A,,,,,,,,B2,71,7-261
MSCH,MODIFY SUBCHANNEL,S,C,,P,A,SP OP,,,¢,GS,,,B2,B232,14-7
MSD,MULTIPLY AND SUBTRACT (long HFP),RXF,,HM,"¤7,9",A,,Da,EU,EO,,,,B2,ED3F,18-19
MSDB,MULTIPLY AND SUBTRACT (long BFP),RXF,,,"¤7,9",A,,Db,Xi,,Xo,Xu Xx,,B2,ED1F,19-38
MSDBR,MULTIPLY AND SUBTRACT (long BFP),RRD,,,"¤7,9",,,Db,Xi,,Xo,Xu Xx,,,B31F,19-38
MSDR,MULTIPLY AND SUBTRACT (long HFP),RRD,,HM,"¤7,9",,,Da,EU,EO,,,,,B33F,18-19
MSE,MULTIPLY AND SUBTRACT (short HFP),RXF,,HM,"¤7,9",A,,Da,EU,EO,,,,B2,ED2F,18-19
MSEB,MULTIPLY AND SUBTRACT (short BFP),RXF,,,"¤7,9",A,,Db,Xi,,Xo,Xu Xx,,B2,ED0F,19-38
MSEBR,MULTIPLY AND SUBTRACT (short BFP),RRD,,,"¤7,9",,,Db,Xi,,Xo,Xu Xx,,,B30F,19-38
MSER,MULTIPLY AND SUBTRACT (short HFP),RRD,,HM,"¤7,9",,,Da,EU,EO,,,,,B32F,18-19
MSFI,MULTIPLY SINGLE IMMEDIATE (32),RIL-a,,GE,,,,,,,,,,,C21,7-262
MSG,MULTIPLY SINGLE (64),RXY-a,,N,,A,,,,,,,,B2,E30C,7-261
MSGF,MULTIPLY SINGLE (6432),RXY-a,,N,,A,,,,,,,,B2,E31C,7-262
MSGFI,MULTIPLY SINGLE IMMEDIATE (6432),RIL-a,,GE,,,,,,,,,,,C20,7-262
MSGFR,MULTIPLY SINGLE (6432),RRE,,N,,,,,,,,,,,B91C,7-261
MSGR,MULTIPLY SINGLE (64),RRE,,N,,,,,,,,,,,B90C,7-261
MSR,MULTIPLY SINGLE (32),RRE,,,,,,,,,,,,,B252,7-261
MSTA,MODIFY STACKED STATE,RRE,,,¤1,A1*,SP SE,,,,,ST,,,B247,10-59
MSY,MULTIPLY SINGLE (32),RXY-a,,LD,,A,,,,,,,,B2,E351,7-261
MVC,MOVE (character),SS-a,,,¤9,A,,,,,,ST,B1,B2,D2,7-244
MVCDK,MOVE WITH DESTINATION KEY,SSE,,,Q,A,,,,,GM,ST,B1,B2,E50F,10-64
MVCIN,MOVE INVERSE,SS-a,,,¤9,A,,,,,,ST,B1,B2,E8,7-245
MVCK,MOVE WITH KEY,SS-d,C,,Q,A,,,,,,ST,B1,B2,D9,10-65
MVCL,MOVE LONG,RR,C,,¤9,A,SP II,,,,,ST,R1,R2,0E,7-246
MVCLE,MOVE LONG EXTENDED,RS-a,C,,¤9,A,SP IC,,,,,ST,R1,R3,A8,7-250
MVCLU,MOVE LONG UNICODE,RSY-a,C,E2,¤9,A,SP IC,,,,,ST,R1,R3,EB8E,7-253
MVCOS,MOVE WITH OPTIONAL SPECIFICATIONS,SSF,C,MO,Q,A,,SO,,,G0,ST,B†,B‡,C80,10-66
MVCP,MOVE TO PRIMARY,SS-d,C,,Q,A,,SO,,¢,,ST,,,DA,10-62
MVCS,MOVE TO SECONDARY,SS-d,C,,Q,A,,SO,,¢,,ST,,,DB,10-62
MVCSK,MOVE WITH SOURCE KEY,SSE,,,Q,A,,,,,GM,ST,B1,B2,E50E,10-69
MVGHI,MOVE (6416),SIL,,GE,,A,,,,,,ST,B1,,E548,7-245
MVHHI,MOVE (1616),SIL,,GE,,A,,,,,,ST,B1,,E544,7-244
MVHI,MOVE (3216),SIL,,GE,,A,,,,,,ST,B1,,E54C,7-245
MVI,MOVE (immediate),SI,,,,A,,,,,,ST,B1,,92,7-245
MVIY,MOVE (immediate),SIY,,LD,,A,,,,,,ST,B1,,EB52,7-245
MVN,MOVE NUMERICS,SS-a,,,¤9,A,,,,,,ST,B1,B2,D1,7-256
MVO,MOVE WITH OFFSET,SS-b,,,¤9,A,,,,,,ST,B1,B2,F1,7-258
MVPG,MOVE PAGE,RRE,C,,Q,A,SP,,,,G0,ST,R1,R2,B254,10-60
MVST,MOVE STRING,RRE,C,,¤9,A,SP IC,,,,G0,ST,R1,R2,B255,7-257
MVZ,MOVE ZONES,SS-a,,,¤9,A,,,,,,ST,B1,B2,D3,7-259
MXBR,MULTIPLY (extended BFP),RRE,,,"¤7,9",,SP,Db,Xi,,Xo,Xu Xx,,,B34C,19-37
MXD,MULTIPLY (long to extended HFP),RX-a,,,"¤7,9",A,SP,Da,EU EO,,,,,B2,67,18-18
MXDB,MULTIPLY (long to extended BFP),RXE,,,"¤7,9",A,SP,Db,Xi,,,,,B2,ED07,19-37
MXDBR,MULTIPLY (long to extended BFP),RRE,,,"¤7,9",,SP,Db,Xi,,,,,,B307,19-37
MXDR,MULTIPLY (long to extended HFP),RR,,,"¤7,9",,SP,Da,EU EO,,,,,,27,18-17
MXR,MULTIPLY (extended HFP),RR,,,"¤7,9",,SP,Da,EU EO,,,,,,26,18-17
MXTR,MULTIPLY (extended DFP),RRF-a,,TF,"¤7,9",,SP,Dt,Xi,,Xo,Xu Xx,,,B3D8,20-46
MXTRA,MULTIPLY (extended DFP),RRF-a,,F,"¤7,9",,SP,Dt,Xi,,Xo,Xu Xx Xq,,,B3D8,20-47
MY,MULTIPLY UNNORMALIZED (long to ext. HFP),RXF,,UE,"¤7,9",A,SP Da,,,,,,,B2,ED3B,18-22
MYH,MULTIPLY UNNORM. (long to ext. high HFP),RXF,,UE,"¤7,9",A,Da,,,,,,,B2,ED3D,18-22
MYHR,MULTIPLY UNNORM. (long to ext. high HFP),RRD,,UE,"¤7,9",,Da,,,,,,,,B33D,18-22
MYL,MULTIPLY UNNORM. (long to ext. low HFP),RXF,,UE,"¤7,9",A,Da,,,,,,,B2,ED39,18-22
MYLR,MULTIPLY UNNORM. (long to ext. low HFP),RRD,,UE,"¤7,9",,Da,,,,,,,,B339,18-22
MYR,MULTIPLY UNNORMALIZED (long to ext. HFP),RRD,,UE,"¤7,9",,SP Da,,,,,,,,B33B,18-22
N,AND (32),RX-a,C,,,A,,,,,,,,B2,54,7-32
NC,AND (character),SS-a,C,,¤9,A,,,,,,ST,B1,B2,D4,7-33
NG,AND (64),RXY-a,C,N,,A,,,,,,,,B2,E380,7-32
NGR,AND (64),RRE,C,N,,,,,,,,,,,B980,7-32
NGRK,AND (64),RRF-a,C,DO,,,,,,,,,,,B9E4,7-32
NI,AND (immediate),SI,C,,,A,,,£2,,,ST,B1,,94,7-32
NIAI,NEXT INSTRUCTION ACCESS INTENT,IE,,EH,,,,,,,,,,,B2FA,7-262
NIHF,AND IMMEDIATE (high),RIL-a,C,EI,,,,,,,,,,,C0A,7-33
NIHH,AND IMMEDIATE (high high),RI-a,C,N,,,,,,,,,,,A54,7-33
NIHL,AND IMMEDIATE (high low),RI-a,C,N,,,,,,,,,,,A55,7-33
NILF,AND IMMEDIATE (low),RIL-a,C,EI,,,,,,,,,,,C0B,7-34
NILH,AND IMMEDIATE (low high),RI-a,C,N,,,,,,,,,,,A56,7-34
NILL,AND IMMEDIATE (low low),RI-a,C,N,,,,,,,,,,,A57,7-34
NIY,AND (immediate),SIY,C,LD,,A,,,£2,,,ST,B1,,EB54,7-32
NR,AND (32),RR,C,,,,,,,,,,,,14,7-32
NRK,AND (32),RRF-a,C,DO,,,,,,,,,,,B9F4,7-32
NTSTG,NONTRANSACTIONAL STORE (64),RXY-a,,TX,¤9,A,SP,,,,,ST,,B2,E325,7-264
NY,AND (32),RXY-a,C,LD,,A,,,,,,,,B2,E354,7-32
O,OR (32),RX-a,C,,,A,,,,,,,,B2,56,7-264
OC,OR (character),SS-a,C,,¤9,A,,,,,,ST,B1,B2,D6,7-265
OG,OR (64),RXY-a,C,N,,A,,,,,,,,B2,E381,7-264
OGR,OR (64),RRE,C,N,,,,,,,,,,,B981,7-264
OGRK,OR (64),RRF-a,C,DO,,,,,,,,,,,B9E6,7-264
OI,OR (immediate),SI,C,,,A,,,,,,ST,B1,,96,7-264
OIHF,OR IMMEDIATE (high),RIL-a,C,EI,,,,,,,,,,,C0C,7-265
OIHH,OR IMMEDIATE (high high),RI-a,C,N,,,,,,,,,,,A58,7-265
OIHL,OR IMMEDIATE (high low),RI-a,C,N,,,,,,,,,,,A59,7-265
OILF,OR IMMEDIATE (low),RIL-a,C,EI,,,,,,,,,,,C0D,7-265
OILH,OR IMMEDIATE (low high),RI-a,C,N,,,,,,,,,,,A5A,7-266
OILL,OR IMMEDIATE (low low),RI-a,C,N,,,,,,,,,,,A5B,7-266
OIY,OR (immediate),SIY,C,LD,,A,,,,,,ST,B1,,EB56,7-264
OR,OR (32),RR,C,,,,,,,,,,,,16,7-264
ORK,OR (32),RRF-a,C,DO,,,,,,,,,,,B9F6,7-264
OY,OR (32),RXY-a,C,LD,,A,,,,,,,,B2,E356,7-264
PACK,PACK,SS-b,,,¤9,A,,,,,,ST,B1,B2,F2,7-266
PALB,PURGE ALB,RRE,,,P,,,,$,,,,,,B248,10-112
PC,PROGRAM CALL,S,,,Q,A1*,Z1,T,¢,GM,,B ST,,,B218,10-86
PCC,PERFORM CRYPTOGRAPHIC COMPUTATION,RRE,C,M4,"¤5,9",A,SP IC,,,GM I1,,ST,,,B92C,7-269
PCKMO,PERFORM CRYPTOGRAPHIC KEY MGMT.,RRE,,M3,P,A,SP,,,GM,,ST,,,B928,10-72
,OPERATIONS,,,,,,,,,,,,,,,
PFD,PREFETCH DATA,RXY-b,,GE,"¤9,11",,,,,,,,,B2,E336,7-310
PFDRL,PREFETCH DATA RELATIVE LONG,RIL-c,,GE,"¤9,11",,,,,,,,,,C62,7-310
PFMF,PERFORM FRAME MANAGEMENT FUNCTION,RRE,,ED1,P,A1,SP II,,¢3,,,,,,B9AF,10-76
PFPO,PERFORM FLOATING-POINT OPERATION,E,,PF,¤7-9,,SP Da,Xi,,Xo,Xu Xx Xq,,,,010A,9-35
PGIN,PAGE IN,RRE,C,ES,P,A1,,,¢,,,,,,B22E,10-70
PGOUT,PAGE OUT,RRE,C,ES,P,A1,,,¢,,,,,,B22F,10-71
PKA,PACK ASCII,SS-f,,E2,¤9,A,SP,,,,,ST,B1,B2,E9,7-267
PKU,PACK UNICODE,SS-f,,E2,¤9,A,SP,,,,,ST,B1,B2,E1,7-268
PLO,PERFORM LOCKED OPERATION,SS-e,C,,¤1,A,SP,,$,GM,,ST,,FC,EE,7-284
POPCNT,POPULATION COUNT,RRE,C,PK,,,,,,,,,,,B9E1,7-310
PPA,PERFORM PROCESSOR ASSIST,RRF-c,,PA,¤9,,,,,,,,,,B2E8,7-298
PPNO,PERFORM PSEUDORANDOM NUMBER,RRE,C,M5,"¤5,9",A,SP IC,Dg,,GM I1,,ST,R1,R2,B93C,7-299
PR,PROGRAM RETURN,E,L,,¤1,A1 *,SP Z4,T,¢2,,,B ST,,,0101,10-99
PT,PROGRAM TRANSFER,RRE,,,Q,A1 *,SP Z2,T,¢,,,B,,,B228,10-103
PTF,PERFORM TOPOLOGY FUNCTION,RRE,C,CT,P,,SP,,,,,,,,B9A2,10-85
PTFF,PERFORM TIMING FACILITY FUNCTION,E,C,TS,Q,A,SP,,,GM,,ST,,,0104,10-79
PTI,PROGRAM TRANSFER WITH INSTANCE,RRE,,RA,Q,A1 *,SP Z6,T,¢,,,B,,,B99E,10-103
PTLB,PURGE TLB,S,,,P,,,,$,,,,,,B20D,10-112
QADTR,QUANTIZE (long DFP),RRF-b,,TF,"¤7,9",,Dt,Xi,,,,Xx Xq,,,B3F5,20-48
QAXTR,QUANTIZE (extended DFP),RRF-b,,TF,"¤7,9",,SP Dt,Xi,,,,Xx Xq,,,B3FD,20-48
RCHP,RESET CHANNEL PATH,S,C,,P,,,,,,,,,,B23B,14-9
RISBG,ROTATE THEN INSERT SELECTED BITS (64),RIE-f,C,GE,,,,,,,,,,,EC55,7-314
RISBGN,ROTATE THEN INSERT SELECTED BITS (64),RIE-f,,MI,,,,,,,,,,,EC59,7-314
RISBHG,ROTATE THEN INSERT SELECTED BITS HIGH (64),RIE-f,,HW,,,,,,,,,,,EC5D,7-315
RISBLG,ROTATE THEN INSERT SELECTED BITS LOW (64),RIE-f,,HW,,,,,,,,,,,EC51,7-316
RLL,ROTATE LEFT SINGLE LOGICAL (32),RSY-a,,N3,,,,,,,,,,,EB1D,7-312
RLLG,ROTATE LEFT SINGLE LOGICAL (64),RSY-a,,N,,,,,,,,,,,EB1C,7-312
RNSBG,ROTATE THEN AND SELECTED BITS (64),RIE-f,C,GE,,,,,,,,,,,EC54,7-312
ROSBG,ROTATE THEN OR SELECTED BITS (64),RIE-f,C,GE,,,,,,,,,,,EC56,7-313
RP,RESUME PROGRAM,S,L,,Q,A,SP WE T,,,,,B,,B2,B277,10-113
RRBE,RESET REFERENCE BIT EXTENDED,RRE,C,,P,A1 *,,,,,,,,,B22A,10-112
RRBM,RESET REFERENCE BITS MULTIPLE,RRE,,RB,P,A1*,,,,,,,,,B9AE,10-113
RRDTR,REROUND (long DFP),RRF-b,,TF,"¤7,9",,Dt,Xi,,,,Xx Xq,,,B3F7,20-51
RRXTR,REROUND (extended DFP),RRF-b,,TF,"¤7,9",,SP Dt,Xi,,,,Xx Xq,,,B3FF,20-51
RSCH,RESUME SUBCHANNEL,S,C,,P,,OP,,¢,GS,,,,,B238,14-10
RXSBG,ROTATE THEN EXCLUSIVE OR SELECT. BITS (64),RIE-f,C,GE,,,,,,,,,,,EC57,7-312
S,SUBTRACT (32),RX-a,C,,,A,,IF,,,,,,B2,5B,7-338
SAC,SET ADDRESS SPACE CONTROL,S,,,Q,,SP SW,,¢,,,,,,B219,10-115
SACF,SET ADDRESS SPACE CONTROL FAST,S,,,Q,,SP SW,,,,,,,,B279,10-116
SAL,SET ADDRESS LIMIT,S,,,P,,OP,,¢,G1,,,,,B237,14-12
SAM24,SET ADDRESSING MODE (24),E,,N3,"¤3,9",,SP,T,,,,,,,010C,7-321
SAM31,SET ADDRESSING MODE (31),E,,N3,"¤3,9",,SP,T,,,,,,,010D,7-321
SAM64,SET ADDRESSING MODE (64),E,,N,"¤3,9",,,T,,,,,,,010E,7-321
SAR,SET ACCESS,RRE,,,¤6,,,,,,,,U1,,B24E,7-321
SCHM,SET CHANNEL MONITOR,S,,,P,,OP,,¢,GM,,,,,B23C,14-13
SCK,SET CLOCK,S,C,,P,A,SP,,,,,,,B2,B204,10-117
SCKC,SET CLOCK COMPARATOR,S,,,P,A,SP,,,,,,,B2,B206,10-118
SCKPF,SET CLOCK PROGRAMMABLE FIELD,E,,,P,,SP,,,G0,,,,,0107,10-118
SD,SUBTRACT NORMALIZED (long HFP),RX-a,C,,"¤7,9",A,Da,EU,EO,,,LS,,B2,6B,18-24
SDB,SUBTRACT (long BFP),RXE,C,,"¤7,9",A,Db,Xi,,Xo,Xu Xx,,,B2,ED1B,19-40
SDBR,SUBTRACT (long BFP),RRE,C,,"¤7,9",,Db,Xi,,Xo,Xu Xx,,,,B31B,19-40
SDR,SUBTRACT NORMALIZED (long HFP),RR,C,,"¤7,9",,Da,EU,EO,,,LS,,,2B,18-24
SDTR,SUBTRACT (long DFP),RRF-a,C,TF,"¤7,9",,Dt,Xi,,Xo,Xu Xx,,,,B3D3,20-54
SDTRA,SUBTRACT (long DFP),RRF-a,C,F,"¤7,9",,Dt,Xi,,Xo,Xu Xx Xq,,,,B3D3,20-54
SE,SUBTRACT NORMALIZED (short HFP),RX-a,C,,"¤7,9",A,Da,EU,EO,,,LS,,B2,7B,18-24
SEB,SUBTRACT (short BFP),RXE,C,,"¤7,9",A,Db,Xi,,Xo,Xu Xx,,,B2,ED0B,19-40
SEBR,SUBTRACT (short BFP),RRE,C,,"¤7,9",,Db,Xi,,Xo,Xu Xx,,,,B30B,19-40
SER,SUBTRACT NORMALIZED (short HFP),RR,C,,"¤7,9",,Da,EU,EO,,,LS,,,3B,18-24
SFASR,SET FPC AND SIGNAL,RRE,,XF,"¤7,9",,SP Dt,Xg,,,,,,,B385,9-48
SFPC,SET FPC,RRE,,,"¤7,9",,SP Db,,,,,,,,B384,9-47
SG,SUBTRACT (64),RXY-a,C,N,,A,,IF,,,,,,B2,E309,7-338
SGF,SUBTRACT (6432),RXY-a,C,N,,A,,IF,,,,,,B2,E319,7-338
SGFR,SUBTRACT (6432),RRE,C,N,,,,IF,,,,,,,B919,7-338
SGR,SUBTRACT (64),RRE,C,N,,,,IF,,,,B909,7-338,,,
SGRK,SUBTRACT (64),RRF-a,C,DO,,,,IF,,,,B9E9,7-338,,,
SH,SUBTRACT HALFWORD (3216),RX-a,C,,,A,,IF,,,B2,4B,7-339,,,
SHHHR,SUBTRACT HIGH (32),RRF-a,C,HW,,,,IF,,,,B9C9,7-339,,,
SHHLR,SUBTRACT HIGH (32),RRF-a,C,HW,,,,IF,,,,B9D9,7-339,,,
SHY,SUBTRACT HALFWORD (3216),RXY-a,C,LD,,A,,IF,,,B2,E37B,7-339,,,
SIGP,SIGNAL PROCESSOR,RS-a,C,,P,,,$,,,,AE,10-129,,,
SL,SUBTRACT LOGICAL (32),RX-a,C,,,A,,,,,B2,5F,7-340,,,
SLA,SHIFT LEFT SINGLE (32),RS-a,C,,,,,IF,,,,8B,7-323,,,
SLAG,SHIFT LEFT SINGLE (64),RSY-a,C,N,,,,IF,,,,EB0B,7-323,,,
SLAK,SHIFT LEFT SINGLE (32),RSY-a,C,DO,,,,IF,,,,EBDD,7-323,,,
SLB,SUBTRACT LOGICAL WITH BORROW (32),RXY-a,C,N3,,A,,,,,B2,E399,7-341,,,
SLBG,SUBTRACT LOGICAL WITH BORROW (64),RXY-a,C,N,,A,,,,,B2,E389,7-341,,,
SLBGR,SUBTRACT LOGICAL WITH BORROW (64),RRE,C,N,,,,,,,,B989,7-341,,,
SLBR,SUBTRACT LOGICAL WITH BORROW (32),RRE,C,N3,,,,,,,,B999,7-341,,,
SLDA,SHIFT LEFT DOUBLE (64),RS-a,C,,,,SP,IF,,,,8F,7-322,,,
SLDL,SHIFT LEFT DOUBLE LOGICAL (64),RS-a,,,,,SP,,,,,8D,7-323,,,
SLDT,SHIFT SIGNIFICAND LEFT (long DFP),RXF,,TF,"¤7,9",,Dt,,,,,ED40,20-53,,,
SLFI,SUBTRACT LOGICAL IMMEDIATE (32),RIL-a,C,EI,,,,,,,,C25,7-340,,,
SLG,SUBTRACT LOGICAL (64),RXY-a,C,N,,A,,,,,B2,E30B,7-340,,,
SLGF,SUBTRACT LOGICAL (6432),RXY-a,C,N,,A,,,,,B2,E31B,7-340,,,
SLGFI,SUBTRACT LOGICAL IMMEDIATE (6432),RIL-a,C,EI,,,,,,,,C24,7-340,,,
SLGFR,SUBTRACT LOGICAL (6432),RRE,C,N,,,,,,,,B91B,7-340,,,
SLGR,SUBTRACT LOGICAL (64),RRE,C,N,,,,,,,,B90B,7-340,,,
SLGRK,SUBTRACT LOGICAL (64),RRF-a,C,DO,,,,,,,,B9EB,7-340,,,
SLHHHR,SUBTRACT LOGICAL HIGH (32),RRF-a,C,HW,,,,,,,,B9CB,7-341,,,
SLHHLR,SUBTRACT LOGICAL HIGH (32),RRF-a,C,HW,,,,,,,,B9DB,7-341,,,
SLL,SHIFT LEFT SINGLE LOGICAL (32),RS-a,,,,,,,,,,89,7-324,,,
SLLG,SHIFT LEFT SINGLE LOGICAL (64),RSY-a,,N,,,,,,,,EB0D,7-324,,,
SLLK,SHIFT LEFT SINGLE LOGICAL (32),RSY-a,,DO,,,,,,,,EBDF,7-324,,,
SLR,SUBTRACT LOGICAL (32),RR,C,,,,,,,,,1F,7-339,,,
SLRK,SUBTRACT LOGICAL (32),RRF-a,C,DO,,,,,,,,B9FB,7-340,,,
SLXT,SHIFT SIGNIFICAND LEFT (extended DFP),RXF,,TF,"¤7,9",,SP Dt,,,,,ED48,20-53,,,
SLY,SUBTRACT LOGICAL (32),RXY-a,C,LD,,A,,,,,B2,E35F,7-340,,,
SP,SUBTRACT DECIMAL,SS-b,C,,¤9,A,Dg,DF,ST,B1,B2,FB,8-13,,,
SPKA,SET PSW KEY FROM ADDRESS,S,,,Q,,,,,,,B20A,10-120,,,
SPM,SET PROGRAM MASK,RR,L,,,,,,,,,04,7-321,,,
SPT,SET CPU TIMER,S,,,P,A,SP,,,,B2,B208,10-119,,,
SPX,SET PREFIX,S,,,P,A,SP,$,,,B2,B210,10-119,,,
SQD,SQUARE ROOT (long HFP),RXE,,,"¤7,9",A,Da,SQ,,,B2,ED35,18-23,,,
SQDB,SQUARE ROOT (long BFP),RXE,,,"¤7,9",A,Db,Xi,Xx,,B2,ED15,19-40,,,
SQDBR,SQUARE ROOT (long BFP),RRE,,,"¤7,9",,Db,Xi,Xx,,,B315,19-40,,,
SQDR,SQUARE ROOT (long HFP),RRE,,,"¤7,9",,Da,SQ,,,,B244,18-23,,,
SQE,SQUARE ROOT (short HFP),RXE,,,"¤7,9",A,Da,SQ,,,B2,ED34,18-23,,,
SQEB,SQUARE ROOT (short BFP),RXE,,,"¤7,9",A,Db,Xi,Xx,,B2,ED14,19-40,,,
SQEBR,SQUARE ROOT (short BFP),RRE,,,"¤7,9",,Db,Xi,Xx,,,B314,19-40,,,
SQER,SQUARE ROOT (short HFP),RRE,,,"¤7,9",,Da,SQ,,,,B245,18-23,,,
SQXBR,SQUARE ROOT (extended BFP),RRE,,,"¤7,9",,SP Db,Xi,Xx,,,B316,19-40,,,
SQXR,SQUARE ROOT (extended HFP),RRE,,,"¤7,9",,SP Da,SQ,,,,B336,18-23,,,
SR,SUBTRACT (32),RR,C,,,,,IF,,,,1B,7-338,,,
SRA,SHIFT RIGHT SINGLE (32),RS-a,C,,,,,,,,,8A,7-326,,,
SRAG,SHIFT RIGHT SINGLE (64),RSY-a,C,N,,,,,,,,EB0A,7-326,,,
SRAK,SHIFT RIGHT SINGLE (32),RSY-a,C,DO,,,,,,,,EBDC,7-326,,,
SRDA,SHIFT RIGHT DOUBLE (64),RS-a,C,,,,SP,,,,,8E,7-325,,,
SRDL,SHIFT RIGHT DOUBLE LOGICAL (64),RS-a,,,,,SP,,,,,8C,7-325,,,
SRDT,SHIFT SIGNIFICAND RIGHT (long DFP),RXF,,TF,"¤7,9",,Dt,,,,,,,ED41,20-53,
SRK,SUBTRACT (32),RRF-a,C,DO,,,,IF,,,,,,B9F9,7-338,
SRL,SHIFT RIGHT SINGLE LOGICAL (32),RS-a,,,,,,,,,,,,88,7-327,
SRLG,SHIFT RIGHT SINGLE LOGICAL (64),RSY-a,,N,,,,,,,,,,EB0C,7-327,
SRLK,SHIFT RIGHT SINGLE LOGICAL (32),RSY-a,,DO,,,,,,,,,,EBDE,7-327,
SRNM,SET BFP ROUNDING MODE (2 bit),S,,,"¤7,9",,Db,,,,,,,B299,9-47,
SRNMB,SET BFP ROUNDING MODE (3 bit),S,,F,"¤7,9",,SP Db,,,,,,,B2B8,9-47,
SRNMT,SET DFP ROUNDING MODE,S,,TR,"¤7,9",,Dt,,,,,,,B2B9,9-47,
SRP,SHIFT AND ROUND DECIMAL,SS-c,C,,¤9,A,Dg,DF,,,ST,B1,B2,F0,8-12,
SRST,SEARCH STRING,RRE,C,,¤9,A,SP IC,,,G0,,,R2,B25E,7-317,
SRSTU,SEARCH STRING UNICODE,RRE,C,E3,¤9,A,SP IC,,,G0,,R1,R2,B9BE,7-319,
SRXT,SHIFT SIGNIFICAND RIGHT (extended DFP),RXF,,TF,"¤7,9",,SP Dt,,,,,,,ED49,20-53,
SSAIR,SET SECONDARY ASN WITH INSTANCE,RRE,,RA,¤1,A1 *,Z7,T,¢,,,,,B99F,10-120,
SSAR,SET SECONDARY ASN,RRE,,,¤1,A1*,Z3,T,¢,,,,,B225,10-120,
SSCH,START SUBCHANNEL,S,C,,P,A,SP OP,,¢,GS,,,B2,B233,14-15,
SSKE,SET STORAGE KEY EXTENDED,RRF-c,C1,,P,A1 *,II,,¢,,,,,B22B,10-126,
SSM,SET SYSTEM MASK,S,,,P,A,SP SO,,,,,,B2,80,10-129,
ST,STORE (32),RX-a,,,,A,,,,,ST,,B2,50,7-327,
STAM,STORE ACCESS MULTIPLE,RS-a,,,,A,SP,,,,ST,,UB,9B,7-328,
STAMY,STORE ACCESS MULTIPLE,RSY-a,,LD,,A,SP,,,,ST,,UB,EB9B,7-328,
STAP,STORE CPU ADDRESS,S,,,P,A,SP,,,,ST,,B2,B212,10-132,
STC,STORE CHARACTER,RX-a,,,,A,,,,,ST,,B2,42,7-329,
STCH,STORE CHARACTER HIGH (8),RXY-a,,HW,,A,,,,,ST,,B2,E3C3,7-329,
STCK,STORE CLOCK,S,C,,"¤8,9",A,,,$,,ST,,B2,B205,7-330,
STCKC,STORE CLOCK COMPARATOR,S,,,P,A,SP,,,,ST,,B2,B207,10-131,
STCKE,STORE CLOCK EXTENDED,S,C,,"¤8,9",A,,,$,,ST,,B2,B278,7-331,
STCKF,STORE CLOCK FAST,S,C,SC,"¤8,9",A,,,,,ST,,B2,B27C,7-330,
STCM,STORE CHARACTERS UNDER MASK (low),RS-b,,,,A,,,,,ST,,B2,BE,7-329,
STCMH,STORE CHARACTERS UNDER MASK (high),RSY-b,,N,"¤9,11",A,,,,,ST,,B2,EB2C,7-329,
STCMY,STORE CHARACTERS UNDER MASK (low),RSY-b,,LD,,A,,,,,ST,,B2,EB2D,7-329,
STCPS,STORE CHANNEL PATH STATUS,S,,,P,A,SP,,¢,,ST,,B2,B23A,14-16,
STCRW,STORE CHANNEL REPORT WORD,S,C,,P,A,SP,,¢,,ST,,B2,B239,14-17,
STCTG,STORE CONTROL (64),RSY-a,,N,P,A,SP,,,,ST,,B2,EB25,10-131,
STCTL,STORE CONTROL (32),RS-a,,,P,A,SP,,,,ST,,B2,B6,10-131,
STCY,STORE CHARACTER,RXY-a,,LD,,A,,,,,ST,,B2,E372,7-329,
STD,STORE (long),RX-a,,,"¤7,9",A,Da,,,,ST,,B2,60,9-48,
STDY,STORE (long),RXY-a,,LD,"¤7,9",A,Da,,,,ST,,B2,ED67,9-49,
STE,STORE (short),RX-a,,,"¤7,9",A,Da,,,,ST,,B2,70,9-48,
STEY,STORE (short),RXY-a,,LD,"¤7,9",A,Da,,,,ST,,B2,ED66,9-49,
STFH,STORE HIGH (32),RXY-a,,HW,,A,,,,,ST,,B2,E3CB,7-335,
STFL,STORE FACILITY LIST,S,,N3,P,,,,,,,,,B2B1,10-134,
STFLE,STORE FACILITY LIST EXTENDED,S,C,FL,¤1,A,SP,,,G0,ST,,B2,B2B0,7-333,
STFPC,STORE FPC,S,,,"¤7,9",A,Db,,,,ST,,B2,B29C,9-49,
STG,STORE (64),RXY-a,,N,,A,,,,,ST,,B2,E324,7-327,
STGRL,STORE RELATIVE LONG (64),RIL-b,,GE,,A*,SP,,,,ST,,,C4B,7-328,
STH,STORE HALFWORD (16),RX-a,,,,A,,,,,ST,,B2,40,7-334,
STHH,STORE HALFWORD HIGH (16),RXY-a,,HW,,A,,,,,ST,,B2,E3C7,7-334,
STHRL,STORE HALFWORD RELATIVE LONG (16),RIL-b,,GE,,A*,,,,,ST,,,C47,7-334,
STHY,STORE HALFWORD (16),RXY-a,,LD,,A,,,,,ST,,B2,E370,7-334,
STIDP,STORE CPU ID,S,,,P,A,SP,,,,ST,,B2,B202,10-132,
STM,STORE MULTIPLE (32),RS-a,,,,A,,,,,ST,,B2,90,7-335,
STMG,STORE MULTIPLE (64),RSY-a,,N,,A,,,,,ST,,B2,EB24,7-335,
STMH,STORE MULTIPLE HIGH (32),RSY-a,,N,,A,,,,,ST,,B2,EB26,7-335,
STMY,STORE MULTIPLE (32),RSY-a,,LD,,A,,,,,ST,,B2,EB90,7-335,
STNSM,STORE THEN AND SYSTEM MASK,SI,,,P,A,,,,,ST,B1,,AC,10-158,
STOC,STORE ON CONDITION (32),RSY-b,,L1,,A,,,,,ST,,B2,EBF3,7-336,
STOCFH,STORE HIGH ON CONDITION,RSY-b,,L2,,A,,,,,ST,,B2,EBE1,7-336,
STOCG,STORE ON CONDITION (64),RSY-b,,L1,,A,,,,,ST,,B2,EBE3,7-336,
STOSM,STORE THEN OR SYSTEM MASK,SI,,,P,A,SP,,,,ST,B1,,AD,10-158,
STPQ,STORE PAIR TO QUADWORD,RXY-a,,N,¤9,A,SP,,,,ST,,B2,E38E,7-337,
STPT,STORE CPU TIMER,S,,,P,A,SP,,,,ST,,B2,B209,10-133,
STPX,STORE PREFIX,S,,,P,A,SP,,,,ST,,B2,B211,10-134,
STRAG,STORE REAL ADDRESS,SSE,,N,P,A1,SP,,,,ST,B1,BP,E502,10-134,
STRL,STORE RELATIVE LONG (32),RIL-b,,GE,,A*,SP,,,,ST,,,C4F,7-328,
STRV,STORE REVERSED (32),RXY-a,,N3,,A,,,,,ST,,B2,E33E,7-337,
STRVG,STORE REVERSED (64),RXY-a,,N,,A,,,,,ST,,B2,E32F,7-337,
STRVH,STORE REVERSED (16),RXY-a,,N3,,A,,,,,ST,,B2,E33F,7-337,
STSCH,STORE SUBCHANNEL,S,C,,P,A,SP OP,,¢,GS,ST,,B2,B234,14-18,
STSI,STORE SYSTEM INFORMATION,S,C,,P,A,SP,,,GM,ST,,B2,B27D,10-135,
STURA,STORE USING REAL ADDRESS (32),RRE,,,P,A1,SP,,,,SU,,,B246,10-159,
STURG,STORE USING REAL ADDRESS (64),RRE,,N,P,A1,SP,,,,SU,,,B925,10-159,
STY,STORE (32),RXY-a,,LD,,A,,,,,ST,,B2,E350,7-327,
SU,SUBTRACT UNNORMALIZED (short HFP),RX-a,C,,"¤7,9",A,,Da,EO,,LS,,B2,7F,18-25,
SUR,SUBTRACT UNNORMALIZED (short HFP),RR,C,,"¤7,9",,,Da,EO,,LS,,,3F,18-25,
SVC,SUPERVISOR CALL,I,,,¤1,,,,¢,,,,,0A,7-342,
SW,SUBTRACT UNNORMALIZED (long HFP),RX-a,C,,"¤7,9",A,,Da,EO,,LS,,B2,6F,18-25,
SWR,SUBTRACT UNNORMALIZED (long HFP),RR,C,,"¤7,9",,,Da,EO,,LS,,,2F,18-25,
SXBR,SUBTRACT (extended BFP),RRE,C,,"¤7,9",,SP,Db,Xi,Xo,Xu Xx,,,B34B,19-40,
SXR,SUBTRACT NORMALIZED (extended HFP),RR,C,,"¤7,9",,SP,Da,EU EO,,LS,,,37,18-24,
SXTR,SUBTRACT (extended DFP),RRF-a,C,TF,"¤7,9",,SP,Dt,Xi,Xo,Xu Xx,,,B3DB,20-54,
SXTRA,SUBTRACT (extended DFP),RRF-a,C,F,"¤7,9",,SP,Dt,Xi,Xo,Xu Xx Xq,,,B3DB,20-54,
SY,SUBTRACT (32),RXY-a,C,LD,,A,,,IF,,,,B2,E35B,7-338,
TABORT,TRANSACTION ABORT,S,,TX,¤9,,SP,SO,$,EX,,,,B2FC,7-344,
TAM,TEST ADDRESSING MODE,E,C,N3,¤9,,,,,,,,,010B,7-342,
TAR,TEST ACCESS,RRE,C,,¤1,A1 *,,,,,,U1,,B24C,10-159,
TB,TEST BLOCK,RRE,C,,P,A1*,,II,$,G0,,,,B22C,10-161,
TBDR,CONVERT HFP TO BFP (long),RRF-e,C,,"¤7,9",,SP,Da,,,,,,B351,9-28,
TBEDR,CONVERT HFP TO BFP (long to short),RRF-e,C,,"¤7,9",,SP,Da,,,,,,B350,9-28,
TBEGIN,TRANSACTION BEGIN (nonconstrained),SIL,C,TX,¤9,A,SP,SO,$,EX,ST,,,E560,7-345,
TBEGINC,TRANSACTION BEGIN (constrained),SIL,C,CX,¤9,,SP,SO,$,EX,,,,E561,7-349,
TCDB,TEST DATA CLASS (long BFP),RXE,C,,"¤7,9",,,Db,,,,,,ED11,19-41,
TCEB,TEST DATA CLASS (short BFP),RXE,C,,"¤7,9",,,Db,,,,,,ED10,19-41,
TCXB,TEST DATA CLASS (extended BFP),RXE,C,,"¤7,9",,SP,Db,,,,,,ED12,19-41,
TDCDT,TEST DATA CLASS (long DFP),RXE,C,TF,"¤7,9",,,Dt,,,,,,ED54,20-55,
TDCET,TEST DATA CLASS (short DFP),RXE,C,TF,"¤7,9",,,Dt,,,,,,ED50,20-55,
TDCXT,TEST DATA CLASS (extended DFP),RXE,C,TF,"¤7,9",,SP,Dt,,,,,,ED58,20-55,
TDGDT,TEST DATA GROUP (long DFP),RXE,C,TF,"¤7,9",,,Dt,,,,,,ED55,20-56,
TDGET,TEST DATA GROUP (short DFP),RXE,C,TF,"¤7,9",,,Dt,,,,,,ED51,20-56,
TDGXT,TEST DATA GROUP (extended DFP),RXE,C,TF,"¤7,9",,SP,Dt,,,,,,ED59,20-56,
TEND,TRANSACTION END,S,C,TX,,,,SO,$,EX,,,,B2F8,7-351,
THDER,CONVERT BFP TO HFP (short to long),RRE,C,,"¤7,9",,,Da,,,,,,B358,9-27,
THDR,CONVERT BFP TO HFP (long),RRE,C,,"¤7,9",,,Da,,,,,,B359,9-27,
TM,TEST UNDER MASK,SI,C,,,A,,,,,,B1,,91,7-343,
TMH,TEST UNDER MASK HIGH,RI-a,C,,,,,,,,,,,A70,7-343,
TMHH,TEST UNDER MASK (high high),RI-a,C,N,,,,,,,,,,A72,7-343,
TMHL,TEST UNDER MASK (high low),RI-a,C,N,,,,,,,,,,A73,7-343,
TML,TEST UNDER MASK LOW,RI-a,C,,,,,,,,,,,A71,7-343,
TMLH,TEST UNDER MASK (low high),RI-a,C,N,,,,,,,,,,A70,7-343,
TMLL,TEST UNDER MASK (low low),RI-a,C,N,,,,,,,,,,A71,7-343,
TMY,TEST UNDER MASK,SIY,C,LD,,A,,,,,,B1,,EB51,7-343,
TP,TEST DECIMAL,RSL-a,C,E2,¤9,A,,,,,,,B1,B2,EBC0,8-14
TPI,TEST PENDING INTERRUPTION,S,C,,P,A*1,SP,,,¢,,ST,,B2,B236,14-19
TPROT,TEST PROTECTION,SSE,C,,P,A1 *,,,,,,,B1,,E501,10-163
TR,TRANSLATE,SS-a,,,¤9,A,,,,,,ST,B1,B2,DC,7-352
TRACE,TRACE (32),RS-a,,,P,A,SP,,T,¢,,,,B2,99,10-166
TRACG,TRACE (64),RSY-a,,N,P,A,SP,,T,¢,,,,B2,EB0F,10-166
TRAP2,TRAP,E,,,¤1,A*,,SO T,,,,B ST,,,01FF,10-167
TRAP4,TRAP,S,,,¤1,A*,,SO T,,,,B ST,,,B2FF,10-167
TRE,TRANSLATE EXTENDED,RRE,C,,¤9,A,SP IC,,,,,ST,R1,R2,B2A5,7-359
TROO,TRANSLATE ONE TO ONE,RRF-c,C,E2,¤9,A,SP IC,,,,GM,ST,RM R2,,B993,7-361
TROT,TRANSLATE ONE TO TWO,RRF-c,C,E2,¤9,A,SP IC,,,,GM,ST,RM R2,,B992,7-361
TRT,TRANSLATE AND TEST,SS-a,C,,¤9,A,,,,,GM,,B1,B2,DD,7-353
TRTE,TRANSLATE AND TEST EXTENDED,RRF-c,C,PE,¤9,A,SP IC,,,,,ST,RM,,B9BF,7-354
TRTO,TRANSLATE TWO TO ONE,RRF-c,C,E2,¤9,A,SP IC,,,,GM,ST,RM R2,,B991,7-361
TRTR,TRANSLATE AND TEST REVERSE,SS-a,C,E3,¤9,A,,,,,GM,,B1,B2,D0,7-358
TRTRE,TRANSLATE AND TEST REVERSE EXTENDED,RRF-c,C,PE,¤9,A,SP IC,,,,,ST,RM,,B9BD,7-354
TRTT,TRANSLATE TWO TO TWO,RRF-c,C,E2,¤9,A,SP IC,,,,GM,ST,RM R2,,B990,7-361
TS,TEST AND SET,S,C,,¤9,A,,,,$,,ST,,B2,93,7-342
TSCH,TEST SUBCHANNEL,S,C,,P,A,SP OP,,,¢,GS,ST,,B2,B235,14-21
UNPK,UNPACK,SS-b,,,¤9,A,,,,,,ST,B1,B2,F3,7-366
UNPKA,UNPACK ASCII,SS-a,C,E2,¤9,A,SP,,,,,ST,B1,B2,EA,7-367
UNPKU,UNPACK UNICODE,SS-a,C,E2,¤9,A,SP,,,,,ST,B1,B2,E2,7-367
UPT,UPDATE TREE,E,C,,¤9,A,SP,II,,,GM I4,ST,,,0102,7-368
VA,VECTOR ADD,VRR-c,,VF,"¤7,9",,SP,Dv,,,,,,,E7F3,22-3
VAC,VECTOR ADD WITH CARRY,VRR-d,,VF,"¤7,9",,SP,Dv,,,,,,,E7BB,22-4
VACC,VECTOR ADD COMPUTE CARRY,VRR-c,,VF,"¤7,9",,SP,Dv,,,,,,,E7F1,22-4
VACCC,VECTOR ADD WITH CARRY COMPUTE CARRY,VRR-d,,VF,"¤7,9",,SP,Dv,,,,,,,E7B9,22-5
VAVG,VECTOR AVERAGE,VRR-c,,VF,"¤7,9",,SP,Dv,,,,,,,E7F2,22-5
VAVGL,VECTOR AVERAGE LOGICAL,VRR-c,,VF,"¤7,9",,SP,Dv,,,,,,,E7F0,22-6
VCDG,VECTOR FP CONVERT FROM FIXED 64-BIT,VRR-a,,VF,"¤7,9",,SP,Dv,,,,Xx,,,E7C3,24-13
VCDLG,VECTOR FP CONVERT FROM LOGICAL 64-BIT,VRR-a,,VF,"¤7,9",,SP,Dv,,,,Xx,,,E7C1,24-15
VCEQ,VECTOR COMPARE EQUAL,VRR-b,C*,VF,"¤7,9",,SP,Dv,,,,,,,E7F8,22-7
VCGD,VECTOR FP CONVERT TO FIXED 64-BIT,VRR-a,,VF,"¤7,9",,SP,Dv,Xi,,,Xx,,,E7C2,24-16
VCH,VECTOR COMPARE HIGH,VRR-b,C*,VF,"¤7,9",,SP,Dv,,,,,,,E7FB,22-8
VCHL,VECTOR COMPARE HIGH LOGICAL,VRR-b,C*,VF,"¤7,9",,SP,Dv,,,,,,,E7F9,22-9
VCKSM,VECTOR CHECKSUM,VRR-c,,VF,"¤7,9",,,Dv,,,,,,,E766,22-6
VCLGD,VECTOR FP CONVERT TO LOGICAL 64-BIT,VRR-a,,VF,"¤7,9",,SP,Dv,Xi,,,Xx,,,E7C0,24-18
VCLZ,VECTOR COUNT LEADING ZEROS,VRR-a,,VF,"¤7,9",,SP,Dv,,,,,,,E753,22-10
VCTZ,VECTOR COUNT TRAILING ZEROS,VRR-a,,VF,"¤7,9",,SP,Dv,,,,,,,E752,22-10
VEC,VECTOR ELEMENT COMPARE,VRR-a,C,VF,"¤7,9",,SP,Dv,,,,,,,E7DB,22-7
VECL,VECTOR ELEMENT COMPARE LOGICAL,VRR-a,C,VF,"¤7,9",,SP,Dv,,,,,,,E7D9,22-7
VERIM,VECTOR ELEMENT ROTATE AND INSERT UNDER,VRI-d,,VF,"¤7,9",,SP Dv,,,,,,,,E772,22-20
VERLL,VECTOR ELEMENT ROTATE LEFT LOGICAL,VRS-a,,VF,"¤7,9",,SP,Dv,,,,,,,E733,22-20
VERLLV,VECTOR ELEMENT ROTATE LEFT LOGICAL,VRR-c,,VF,"¤7,9",,SP,Dv,,,,,,,E773,22-19
VESL,VECTOR ELEMENT SHIFT LEFT,VRS-a,,VF,"¤7,9",,SP,Dv,,,,,,,E730,22-21
VESLV,VECTOR ELEMENT SHIFT LEFT,VRR-c,,VF,"¤7,9",,SP,Dv,,,,,,,E770,22-21
VESRA,VECTOR ELEMENT SHIFT RIGHT ARITHMETIC,VRS-a,,VF,"¤7,9",,SP,Dv,,,,,,,E73A,22-22
VESRAV,VECTOR ELEMENT SHIFT RIGHT ARITHMETIC,VRR-c,,VF,"¤7,9",,SP,Dv,,,,,,,E77A,22-22
VESRL,VECTOR ELEMENT SHIFT RIGHT LOGICAL,VRS-a,,VF,"¤7,9",,SP,Dv,,,,,,,E738,22-22
VESRLV,VECTOR ELEMENT SHIFT RIGHT LOGICAL,VRR-c,,VF,"¤7,9",,SP,Dv,,,,,,,E778,22-22
VFA,VECTOR FP ADD,VRR-c,,VF,"¤7,9",,SP,Dv,Xi,,Xo,Xu Xx,,,E7E3,24-3
VFAE,VECTOR FIND ANY ELEMENT EQUAL,VRR-b C*,,VF,"¤7,9",,SP,Dv,,,,,,,E782,23-1
VFCE,VECTOR FP COMPARE EQUAL,VRR-c C*,,VF,"¤7,9",,SP,Dv,Xi,,,,,,E7E8,24-9
VFCH,VECTOR FP COMPARE HIGH,VRR-c C*,,VF,"¤7,9",,SP Dv,,Xi,,,,,,E7EB,24-10
VFCHE,VECTOR FP COMPARE HIGH OR EQUAL,VRR-c,C*,VF,"¤7,9",,SP Dv,Xi,,,,E7EA,24-12,,,
VFD,VECTOR FP DIVIDE,VRR-c,,VF,"¤7,9",,SP Dv,Xi,Xz,Xo,Xu Xx,E7E5,24-20,,,
VFEE,VECTOR FIND ELEMENT EQUAL,VRR-b,C*,VF,"¤7,9",,SP Dv,,,,,E780,23-3,,,
VFENE,VECTOR FIND ELEMENT NOT EQUAL,VRR-b,C*,VF,"¤7,9",,SP Dv,,,,,E781,23-4,,,
VFI,VECTOR LOAD FP INTEGER,VRR-a,,VF,"¤7,9",,SP Dv,Xi,,,Xx,E7C7,24-22,,,
VFM,VECTOR FP MULTIPLY,VRR-c,,VF,"¤7,9",,SP Dv,Xi,,Xo,Xu Xx,E7E7,24-26,,,
VFMA,VECTOR FP MULTIPLY AND ADD,VRR-e,,VF,"¤7,9",,SP Dv,Xi,,Xo,Xu Xx,E78F,24-27,,,
VFMS,VECTOR FP MULTIPLY AND SUBTRACT,VRR-e,,VF,"¤7,9",,SP Dv,Xi,,Xo,Xu Xx,E78E,24-27,,,
VFPSO,VECTOR FP PERFORM SIGN OPERATION,VRR-a,,VF,"¤7,9",,SP Dv,,,,,E7CC,24-29,,,
VFS,VECTOR FP SUBTRACT,VRR-c,,VF,"¤7,9",,SP Dv,Xi,,Xo,Xu Xx,E7E2,24-31,,,
VFSQ,VECTOR FP SQUARE ROOT,VRR-a,,VF,"¤7,9",,SP Dv,Xi,,,Xx,E7CE,24-30,,,
VFTCI,VECTOR FP TEST DATA CLASS IMMEDIATE,VRI-e,C,VF,"¤7,9",,SP Dv,,,,,E74A,24-31,,,
VGBM,VECTOR GENERATE BYTE MASK,VRI-a,,VF,"¤7,9",,Dv,,,,,E744,21-4,,,
VGEF,VECTOR GATHER ELEMENT (32),VRV,,VF,"¤7,9",A,SP Dv,,,,B2,E713,21-4,,,
VGEG,VECTOR GATHER ELEMENT (64),VRV,,VF,"¤7,9",A,SP Dv,,,,B2,E712,21-4,,,
VGFM,VECTOR GALOIS FIELD MULTIPLY SUM,VRR-c,,VF,"¤7,9",,SP Dv,,,,,E7B4,22-11,,,
VGFMA,VECTOR GALOIS FIELD MULTIPLY SUM AND,VRR-d,,VF,"¤7,9",,SP Dv,,,,,E7BC,22-11,,,
VGM,VECTOR GENERATE MASK,VRI-b,,VF,"¤7,9",,SP Dv,,,,,E746,21-4,,,
VISTR,VECTOR ISOLATE STRING,VRR-a C*,,VF,"¤7,9",,SP Dv,,,,,E75C,23-5,,,
VL,VECTOR LOAD,VRX,,VF,"¤7,9",A,Dv,,,,B2,E706,21-5,,,
VLBB,VECTOR LOAD TO BLOCK BOUNDARY,VRX,,VF,"¤7,9",A,SP Dv,,,,B2,E707,21-8,,,
VLC,VECTOR LOAD COMPLEMENT,VRR-a,,VF,"¤7,9",,SP Dv,,,,,E7DE,22-12,,,
VLDE,VECTOR FP LOAD LENGTHENED,VRR-a,,VF,"¤7,9",,SP Dv,Xi,,,,E7C4,24-24,,,
VLEB,VECTOR LOAD ELEMENT (8),VRX,,VF,"¤7,9",A,SP Dv,,,,B2,E700,21-6,,,
VLED,VECTOR FP LOAD ROUNDED,VRR-a,,VF,"¤7,9",,SP Dv,Xi,,Xo,Xu Xx,E7C5,24-25,,,
VLEF,VECTOR LOAD ELEMENT (32),VRX,,VF,"¤7,9",A,SP Dv,,,,B2,E703,21-6,,,
VLEG,VECTOR LOAD ELEMENT (64),VRX,,VF,"¤7,9",A,SP Dv,,,,B2,E702,21-6,,,
VLEH,VECTOR LOAD ELEMENT (16),VRX,,VF,"¤7,9",A,SP Dv,,,,B2,E701,21-6,,,
VLEIB,VECTOR LOAD ELEMENT IMMEDIATE (8),VRI-a,,VF,"¤7,9",,SP Dv,,,,,E740,21-6,,,
VLEIF,VECTOR LOAD ELEMENT IMMEDIATE (32),VRI-a,,VF,"¤7,9",,SP Dv,,,,,E743,21-6,,,
VLEIG,VECTOR LOAD ELEMENT IMMEDIATE (64),VRI-a,,VF,"¤7,9",,SP Dv,,,,,E742,21-6,,,
VLEIH,VECTOR LOAD ELEMENT IMMEDIATE (16),VRI-a,,VF,"¤7,9",,SP Dv,,,,,E741,21-6,,,
VLGV,VECTOR LOAD GR FROM VR ELEMENT,VRS-c,,VF,"¤7,9",,SP Dv,,,,,E721,21-7,,,
VLL,VECTOR LOAD WITH LENGTH,VRS-b,,VF,"¤7,9",A,Dv,,,,B2,E737,21-10,,,
VLLEZ,VECTOR LOAD LOGICAL ELEMENT AND ZERO,VRX,,VF,"¤7,9",A,SP Dv,,,,B2,E704,21-7,,,
VLM,VECTOR LOAD MULTIPLE,VRS-a,,VF,"¤7,9",A,SP Dv,,,,B2,E736,21-8,,,
VLP,VECTOR LOAD POSITIVE,VRR-a,,VF,"¤7,9",,SP Dv,,,,,E7DF,22-12,,,
VLR,VECTOR LOAD,VRR-a,,VF,"¤7,9",,Dv,,,,,E756,21-5,,,
VLREP,VECTOR LOAD AND REPLICATE,VRX,,VF,"¤7,9",A,SP Dv,,,,B2,E705,21-5,,,
VLVG,VECTOR LOAD VR ELEMENT FROM GR,VRS-b,,VF,"¤7,9",,SP Dv,,,,,E722,21-9,,,
VLVGP,VECTOR LOAD VR FROM GRS DISJOINT,VRR-f,,VF,"¤7,9",,Dv,,,,,E762,21-9,,,
VMAE,VECTOR MULTIPLY AND ADD EVEN,VRR-d,,VF,"¤7,9",,SP Dv,,,,,E7AE,22-15,,,
VMAH,VECTOR MULTIPLY AND ADD HIGH,VRR-d,,VF,"¤7,9",,SP Dv,,,,,E7AB,22-14,,,
VMAL,VECTOR MULTIPLY AND ADD LOW,VRR-d,,VF,"¤7,9",,SP Dv,,,,,E7AA,22-14,,,
VMALE,VECTOR MULTIPLY AND ADD LOGICAL EVEN,VRR-d,,VF,"¤7,9",,SP Dv,,,,,E7AC,22-15,,,
VMALH,VECTOR MULTIPLY AND ADD LOGICAL HIGH,VRR-d,,VF,"¤7,9",,SP Dv,,,,,E7A9,22-15,,,
VMALO,VECTOR MULTIPLY AND ADD LOGICAL ODD,VRR-d,,VF,"¤7,9",,SP Dv,,,,,E7AD,22-16,,,
VMAO,VECTOR MULTIPLY AND ADD ODD,VRR-d,,VF,"¤7,9",,SP Dv,,,,,E7AF,22-16,,,
VME,VECTOR MULTIPLY EVEN,VRR-c,,VF,"¤7,9",,SP Dv,,,,,E7A6,22-17,,,
VMH,VECTOR MULTIPLY HIGH,VRR-c,,VF,"¤7,9",,SP Dv,,,,,E7A3,22-16,,,
VML,VECTOR MULTIPLY LOW,VRR-c,,VF,"¤7,9",,SP Dv,,,,,E7A2,22-17,,,
VMLE,VECTOR MULTIPLY LOGICAL EVEN,VRR-c,,VF,"¤7,9",,SP Dv,,,,,E7A4,22-18,,,
VMLH,VECTOR MULTIPLY LOGICAL HIGH,VRR-c,,VF,"¤7,9",,SP Dv,,,,,E7A1,22-16,,,
VMLO,VECTOR MULTIPLY LOGICAL ODD,VRR-c,,VF,"¤7,9",,SP Dv,,,,,E7A5,22-18,,,
VMN,VECTOR MINIMUM,VRR-c,,VF,"¤7,9",,SP Dv,,,E7FE,22-13,,,,,
VMNL,VECTOR MINIMUM LOGICAL,VRR-c,,VF,"¤7,9",,SP Dv,,,E7FC,22-13,,,,,
VMO,VECTOR MULTIPLY ODD,VRR-c,,VF,"¤7,9",,SP Dv,,,E7A7,22-18,,,,,
VMRH,VECTOR MERGE HIGH,VRR-c,,VF,"¤7,9",,SP Dv,,,E761,21-10,,,,,
VMRL,VECTOR MERGE LOW,VRR-c,,VF,"¤7,9",,SP Dv,,,E760,21-10,,,,,
VMX,VECTOR MAXIMUM,VRR-c,,VF,"¤7,9",,SP Dv,,,E7FF,22-13,,,,,
VMXL,VECTOR MAXIMUM LOGICAL,VRR-c,,VF,"¤7,9",,SP Dv,,,E7FD,22-13,,,,,
VN,VECTOR AND,VRR-c,,VF,"¤7,9",,Dv,,,E768,22-5,,,,,
VNC,VECTOR AND WITH COMPLEMENT,VRR-c,,VF,"¤7,9",,Dv,,,E769,22-5,,,,,
VNO,VECTOR NOR,VRR-c,,VF,"¤7,9",,Dv,,,E76B,22-19,,,,,
VO,VECTOR OR,VRR-c,,VF,"¤7,9",,Dv,,,E76A,22-19,,,,,
VPDI,VECTOR PERMUTE DOUBLEWORD IMMEDIATE,VRR-c,,VF,"¤7,9",,Dv,,,E784,21-13,,,,,
VPERM,VECTOR PERMUTE,VRR-e,,VF,"¤7,9",,Dv,,,E78C,21-13,,,,,
VPK,VECTOR PACK,VRR-c,,VF,"¤7,9",,SP Dv,,,E794,21-11,,,,,
VPKLS,VECTOR PACK LOGICAL SATURATE,VRR-b C*,,VF,"¤7,9",,SP Dv,,,E795,21-12,,,,,
VPKS,VECTOR PACK SATURATE,VRR-b C*,,VF,"¤7,9",,SP Dv,,,E797,21-11,,,,,
VPOPCT,VECTOR POPULATION COUNT,VRR-a,,VF,"¤7,9",,SP Dv,,,E750,22-19,,,,,
VREP,VECTOR REPLICATE,VRI-c,,VF,"¤7,9",,SP Dv,,,E74D,21-14,,,,,
VREPI,VECTOR REPLICATE IMMEDIATE,VRI-a,,VF,"¤7,9",,SP Dv,,,E745,21-14,,,,,
VS,VECTOR SUBTRACT,VRR-c,,VF,"¤7,9",,SP Dv,,,E7F7,22-25,,,,,
VSBCBI,VECTOR SUBTRACT WITH BORROW COMPUTE,VRR-d,,VF,"¤7,9",,SP Dv,,,E7BD,22-26,,,,,
VSBI,VECTOR SUBTRACT WITH BORROW INDICATION,VRR-d,,VF,"¤7,9",,SP Dv,,,E7BF,22-26,,,,,
VSCBI,VECTOR SUBTRACT COMPUTE BORROW,VRR-c,,VF,"¤7,9",,SP Dv,,,E7F5,22-25,,,,,
VSCEF,VECTOR SCATTER ELEMENT (32),VRV,,VF,"¤7,9",A,SP Dv,ST,B2,E71B,21-15,,,,,
VSCEG,VECTOR SCATTER ELEMENT (64),VRV,,VF,"¤7,9",A,SP Dv,ST,B2,E71A,21-15,,,,,
VSEG,VECTOR SIGN EXTEND TO DOUBLEWORD,VRR-a,,VF,"¤7,9",,SP Dv,,,E75F,21-15,,,,,
VSEL,VECTOR SELECT,VRR-e,,VF,"¤7,9",,Dv,,,E78D,21-15,,,,,
VSL,VECTOR SHIFT LEFT,VRR-c,,VF,"¤7,9",,Dv,,,E774,22-23,,,,,
VSLB,VECTOR SHIFT LEFT BY BYTE,VRR-c,,VF,"¤7,9",,Dv,,,E775,22-23,,,,,
VSLDB,VECTOR SHIFT LEFT DOUBLE BY BYTE,VRI-d,,VF,"¤7,9",,Dv,,,E777,22-23,,,,,
VSRA,VECTOR SHIFT RIGHT ARITHMETIC,VRR-c,,VF,"¤7,9",,Dv,,,E77E,22-24,,,,,
VSRAB,VECTOR SHIFT RIGHT ARITHMETIC BY BYTE,VRR-c,,VF,"¤7,9",,Dv,,,E77F,22-24,,,,,
VSRL,VECTOR SHIFT RIGHT LOGICAL,VRR-c,,VF,"¤7,9",,Dv,,,E77C,22-24,,,,,
VSRLB,VECTOR SHIFT RIGHT LOGICAL BY BYTE,VRR-c,,VF,"¤7,9",,Dv,,,E77D,22-24,,,,,
VST,VECTOR STORE,VRX,,VF,"¤7,9",A,Dv,ST,B2,E70E,21-16,,,,,
VSTEB,VECTOR STORE ELEMENT (8),VRX,,VF,"¤7,9",A,SP Dv,ST,B2,E708,21-16,,,,,
VSTEF,VECTOR STORE ELEMENT (32),VRX,,VF,"¤7,9",A,SP Dv,ST,B2,E70B,21-16,,,,,
VSTEG,VECTOR STORE ELEMENT (64),VRX,,VF,"¤7,9",A,SP Dv,ST,B2,E70A,21-16,,,,,
VSTEH,VECTOR STORE ELEMENT (16),VRX,,VF,"¤7,9",A,SP Dv,ST,B2,E709,21-16,,,,,
VSTL,VECTOR STORE WITH LENGTH,VRS-b,,VF,"¤7,9",A,Dv,ST,B2,E73F,21-17,,,,,
VSTM,VECTOR STORE MULTIPLE,VRS-a,,VF,"¤7,9",A,SP Dv,ST,B2,E73E,21-17,,,,,
VSTRC,VECTOR STRING RANGE COMPARE,VRR-d,C*,VF,"¤7,9",,SP Dv,,,E78A,23-6,,,,,
VSUM,VECTOR SUM ACROSS WORD,VRR-c,,VF,"¤7,9",,SP Dv,,,E764,22-27,,,,,
VSUMG,VECTOR SUM ACROSS DOUBLEWORD,VRR-c,,VF,"¤7,9",,SP Dv,,,E765,22-27,,,,,
VSUMQ,VECTOR SUM ACROSS QUADWORD,VRR-c,,VF,"¤7,9",,SP Dv,,,E767,22-27,,,,,
VTM,VECTOR TEST UNDER MASK,VRR-a,C,VF,"¤7,9",,Dv,,,E7D8,22-28,,,,,
VUPH,VECTOR UNPACK HIGH,VRR-a,,VF,"¤7,9",,SP Dv,,,E7D7,21-17,,,,,
VUPL,VECTOR UNPACK LOW,VRR-a,,VF,"¤7,9",,SP Dv,,,E7D6,21-19,,,,,
VUPLH,VECTOR UNPACK LOGICAL HIGH,VRR-a,,VF,"¤7,9",,SP Dv,,,E7D5,21-18,,,,,
VUPLL,VECTOR UNPACK LOGICAL LOW,VRR-a,,VF,"¤7,9",,SP Dv,,,E7D4,21-18,,,,,
VX,VECTOR EXCLUSIVE OR,VRR-c,,VF,"¤7,9",,Dv,,,E76D,22-11,,,,,
WFC,VECTOR FP COMPARE SCALAR,VRR-a,C,VF,"¤7,9",,SP Dv,Xi,,E7CB,24-7,,,,,
WFK,VECTOR FP COMPARE AND SIGNAL SCALAR,VRR-a,C,VF,"¤7,9",,SP Dv,Xi,,E7CA,24-8,,,,,
X,EXCLUSIVE OR (32),RX-a,C,,A,,,,,B2,57,7-212,,,,
XC,EXCLUSIVE OR (character),SS-a,C,¤9,A,,,ST,B1,B2,D7,7-213,,,,
XG,EXCLUSIVE OR (64),RXY-a,C,N,A,,,,,B2,E382,7-212,,,,
XGR,EXCLUSIVE OR (64),RRE,C,N,,,,,,,B982,7-212,,,,
XGRK,EXCLUSIVE OR (64),RRF-a,C,DO,,,,,,,B9E7,7-212,,,,
XI,EXCLUSIVE OR (immediate),SI,C,,A,,,ST,B1,,97,7-213,,,,
XIHF,EXCLUSIVE OR IMMEDIATE (high),RIL-a,C,EI,,,,,,,C06,7-214,,,,
XILF,EXCLUSIVE OR IMMEDIATE (low),RIL-a,C,EI,,,,,,,C07,7-214,,,,
XIY,EXCLUSIVE OR (immediate),SIY,C,LD,A,,,ST,B1,,EB57,7-213,,,,
XR,EXCLUSIVE OR (32),RR,C,,,,,,,,17,7-212,,,,
XRK,EXCLUSIVE OR (32),RRF-a,C,DO,,,,,,,B9F7,7-212,,,,
XSCH,CANCEL SUBCHANNEL,S,C,P,,OP,¢,GS,,,B276,14-3,,,,
XY,EXCLUSIVE OR (32),RXY-a,C,LD,A,,,,,B2,E357,7-212,,,,
ZAP,ZERO AND ADD,SS-b,C,¤9,A,Dg,DF,ST,B1,B2,F8,8-14,,,,